"tutorial","type","name","path_or_call","line_number","file_size_kb"
"anova","data_folder_file","bld.rda","data/bld.rda",NA,17.4
"anova","data_folder_file","cld.rda","data/cld.rda",NA,2.6
"anova","data_folder_file","lmd.rda","data/lmd.rda",NA,5
"anova","data_folder_file","mbd.rda","data/mbd.rda",NA,6.8
"anova","data_folder_file","mld.rda","data/mld.rda",NA,0.7
"anova","data_folder_file","ord.rda","data/ord.rda",NA,2.4
"anova","data_folder_file","pict.rda","data/pict.rda",NA,6.3
"anova","data_folder_file","prd.rda","data/prd.rda",NA,1
"anova","data_folder_file","ratex.rda","data/ratex.rda",NA,2.8
"anova","data_folder_file","sgd.rda","data/sgd.rda",NA,0.2
"anova","data_folder_file","sld.rda","data/sld.rda",NA,5
"anova","inline_data.frame","ancova_data","data.frame(...)  [line 1358]",1358,NA
"anova","inline_data.frame","df1","data.frame(...)  [line 252]",252,NA
"anova","inline_data.frame","manova_data","data.frame(...)  [line 1120]",1120,NA
"anova","inline_data.frame","rm_data","data.frame(...)  [line 891]",891,NA
"anova","inline_data.frame","speech_rate","data.frame(...)  [line 368]",368,NA
"anova","inline_data.frame","vocab_data","data.frame(...)  [line 667]",667,NA
"anova","package_dataset","Anova","car::Anova",1324,NA
"anova","package_dataset","bind_rows","dplyr::bind_rows",1443,NA
"anova","package_dataset","group_by","dplyr::group_by",386,NA
"anova","package_dataset","leveneTest","car::leveneTest",335,NA
"anova","package_dataset","mutate","dplyr::mutate",376,NA
"anova","package_dataset","pivot_longer","tidyr::pivot_longer",1144,NA
"anova","package_dataset","pivot_wider","tidyr::pivot_wider",1152,NA
"anova","package_dataset","rename","dplyr::rename",1440,NA
"anova","package_dataset","select","dplyr::select",1439,NA
"anova","package_dataset","summarise","dplyr::summarise",387,NA
"bert_roberta","package_dataset","aes","ggplot2::aes",1114,NA
"bert_roberta","package_dataset","bind_cols","dplyr::bind_cols",884,NA
"bert_roberta","package_dataset","coord_flip","ggplot2::coord_flip",1118,NA
"bert_roberta","package_dataset","count","dplyr::count",1113,NA
"bert_roberta","package_dataset","geom_col","ggplot2::geom_col",1117,NA
"bert_roberta","package_dataset","geom_point","ggplot2::geom_point",1707,NA
"bert_roberta","package_dataset","geom_text","ggplot2::geom_text",1708,NA
"bert_roberta","package_dataset","ggplot","ggplot2::ggplot",1114,NA
"bert_roberta","package_dataset","if_else","dplyr::if_else",1263,NA
"bert_roberta","package_dataset","labs","ggplot2::labs",1120,NA
"bert_roberta","package_dataset","mutate","dplyr::mutate",1231,NA
"bert_roberta","package_dataset","scale_size_continuous","ggplot2::scale_size_continuous",1709,NA
"bert_roberta","package_dataset","select","dplyr::select",1233,NA
"bert_roberta","package_dataset","str_extract","stringr::str_extract",1495,NA
"bert_roberta","package_dataset","theme_bw","ggplot2::theme_bw",1119,NA
"cluster_analysis","data_call","large","data(large)",1887,NA
"cluster_analysis","data_call","many","data(many)",1291,NA
"cluster_analysis","data_call","phonological","data(phonological)",1891,NA
"cluster_analysis","data_folder_file","vsd.rda","data/vsd.rda",NA,10.4
"cluster_analysis","inline_data.frame","clus","data.frame(...)  [line 501]",501,NA
"cluster_analysis","inline_data.frame","clus_bin","data.frame(...)  [line 1080]",1080,NA
"cluster_analysis","inline_data.frame","comparison_eme","data.frame(...)  [line 1481]",1481,NA
"cluster_analysis","inline_data.frame","comparison_eng","data.frame(...)  [line 1457]",1457,NA
"cluster_analysis","inline_data.frame","dialects","data.frame(...)  [line 357]",357,NA
"cluster_analysis","inline_data.frame","eme_data","data.frame(...)  [line 616]",616,NA
"cluster_analysis","inline_data.frame","p1","data.frame(...)  [line 776]",776,NA
"cluster_analysis","inline_data.frame","p2","data.frame(...)  [line 784]",784,NA
"cluster_analysis","inline_data.frame","students","data.frame(...)  [line 329]",329,NA
"cluster_analysis","package_dataset","arrange","dplyr::arrange",577,NA
"cluster_analysis","package_dataset","bind_rows","dplyr::bind_rows",1112,NA
"cluster_analysis","package_dataset","filter","dplyr::filter",1586,NA
"cluster_analysis","package_dataset","group_by","dplyr::group_by",1588,NA
"cluster_analysis","package_dataset","mutate","dplyr::mutate",1462,NA
"cluster_analysis","package_dataset","n","dplyr::n",1589,NA
"cluster_analysis","package_dataset","select","dplyr::select",1596,NA
"cluster_analysis","package_dataset","ungroup","dplyr::ungroup",1590,NA
"collocations","data_folder_file","cdo.rda","data/cdo.rda",NA,419.9
"collocations","inline_data.frame","text_df","data.frame(...)  [line 1394]",1394,NA
"collocations","package_dataset","arrange","dplyr::arrange",905,NA
"collocations","package_dataset","case_when","dplyr::case_when",888,NA
"collocations","package_dataset","count","dplyr::count",1399,NA
"collocations","package_dataset","filter","dplyr::filter",749,NA
"collocations","package_dataset","group_by","dplyr::group_by",705,NA
"collocations","package_dataset","left_join","dplyr::left_join",1102,NA
"collocations","package_dataset","mutate","dplyr::mutate",703,NA
"collocations","package_dataset","rename","dplyr::rename",665,NA
"collocations","package_dataset","replace_na","tidyr::replace_na",1106,NA
"collocations","package_dataset","rowwise","dplyr::rowwise",757,NA
"collocations","package_dataset","select","dplyr::select",671,NA
"collocations","package_dataset","str_remove_all","stringr::str_remove_all",571,NA
"collocations","package_dataset","str_replace_all","stringr::str_replace_all",618,NA
"collocations","package_dataset","str_split","stringr::str_split",990,NA
"collocations","package_dataset","str_squish","stringr::str_squish",570,NA
"collocations","package_dataset","summarise","dplyr::summarise",1082,NA
"collocations","package_dataset","ungroup","dplyr::ungroup",711,NA
"collocations","readRDS","text","data/cdo.rda",568,NA
"conceptmaps","data_call","stop_words","data(stop_words)",280,NA
"conceptmaps","package_dataset","anti_join","dplyr::anti_join",286,NA
"conceptmaps","package_dataset","arrange","dplyr::arrange",1155,NA
"conceptmaps","package_dataset","case_when","dplyr::case_when",433,NA
"conceptmaps","package_dataset","count","dplyr::count",392,NA
"conceptmaps","package_dataset","crossing","tidyr::crossing",940,NA
"conceptmaps","package_dataset","filter","dplyr::filter",287,NA
"conceptmaps","package_dataset","left_join","dplyr::left_join",399,NA
"conceptmaps","package_dataset","mutate","dplyr::mutate",284,NA
"conceptmaps","package_dataset","pivot_wider","tidyr::pivot_wider",607,NA
"conceptmaps","package_dataset","pull","dplyr::pull",867,NA
"conceptmaps","package_dataset","rename","dplyr::rename",398,NA
"conceptmaps","package_dataset","select","dplyr::select",425,NA
"conceptual_maps_comparison","data_folder_file","ALL_byperiod_momarkup_t400-s10.gml","data/ALL_byperiod_momarkup_t400-s10.gml",NA,293.1
"conceptual_maps_comparison","data_folder_file","ALL_byperiod_nomarkup.txt","data/ALL_byperiod_nomarkup.txt",NA,11172.6
"conceptual_maps_comparison","data_folder_file","ALL_byperiod_nomarkup_out.txt","data/ALL_byperiod_nomarkup_out.txt",NA,10824.7
"conceptual_maps_comparison","data_folder_file","ALL_byperiod_nomarkup_out.txt_w10.bin","data/ALL_byperiod_nomarkup_out.txt_w10.bin",NA,12686.3
"conceptual_maps_comparison","data_folder_file","ALL_byperiod_nomarkup_w10.bin","data/ALL_byperiod_nomarkup_w10.bin",NA,12686.3
"conceptual_maps_comparison","data_folder_file","ALL_byperiod_word_similarity_matrix_top1000_w5.csv","data/ALL_byperiod_word_similarity_matrix_top1000_w5.csv",NA,17835.7
"conceptual_maps_comparison","data_folder_file","COOEE_w10_simgt0.25.gml","data/COOEE_w10_simgt0.25.gml",NA,8858.2
"conceptual_maps_comparison","data_folder_file","word_similarity_matrix_top1000_w10.csv","data/word_similarity_matrix_top1000_w10.csv",NA,17855.7
"concordancing","data_folder_file","ICEIrelandSample/S1A-001.txt","data/ICEIrelandSample/S1A-001.txt",NA,13.2
"concordancing","data_folder_file","ICEIrelandSample/S1A-002.txt","data/ICEIrelandSample/S1A-002.txt",NA,17.9
"concordancing","data_folder_file","ICEIrelandSample/S1A-003.txt","data/ICEIrelandSample/S1A-003.txt",NA,17.2
"concordancing","data_folder_file","ICEIrelandSample/S1A-004.txt","data/ICEIrelandSample/S1A-004.txt",NA,15.9
"concordancing","data_folder_file","ICEIrelandSample/S1A-005.txt","data/ICEIrelandSample/S1A-005.txt",NA,13.8
"concordancing","data_folder_file","ICEIrelandSample/S1A-006.txt","data/ICEIrelandSample/S1A-006.txt",NA,17.2
"concordancing","data_folder_file","ICEIrelandSample/S1A-007.txt","data/ICEIrelandSample/S1A-007.txt",NA,16.4
"concordancing","data_folder_file","ICEIrelandSample/S1A-008.txt","data/ICEIrelandSample/S1A-008.txt",NA,14.6
"concordancing","data_folder_file","ICEIrelandSample/S1A-009.txt","data/ICEIrelandSample/S1A-009.txt",NA,11
"concordancing","data_folder_file","ICEIrelandSample/S1A-010.txt","data/ICEIrelandSample/S1A-010.txt",NA,12.1
"concordancing","data_folder_file","ICEIrelandSample/S1A-011.txt","data/ICEIrelandSample/S1A-011.txt",NA,12.7
"concordancing","data_folder_file","ICEIrelandSample/S1A-012.txt","data/ICEIrelandSample/S1A-012.txt",NA,13.4
"concordancing","data_folder_file","ICEIrelandSample/S1A-013.txt","data/ICEIrelandSample/S1A-013.txt",NA,13.9
"concordancing","data_folder_file","ICEIrelandSample/S1A-014.txt","data/ICEIrelandSample/S1A-014.txt",NA,16.9
"concordancing","data_folder_file","ICEIrelandSample/S1A-015.txt","data/ICEIrelandSample/S1A-015.txt",NA,15.9
"concordancing","data_folder_file","ICEIrelandSample/S1A-016.txt","data/ICEIrelandSample/S1A-016.txt",NA,14.9
"concordancing","data_folder_file","ICEIrelandSample/S1A-017.txt","data/ICEIrelandSample/S1A-017.txt",NA,14.5
"concordancing","data_folder_file","ICEIrelandSample/S1A-018.txt","data/ICEIrelandSample/S1A-018.txt",NA,17
"concordancing","data_folder_file","ICEIrelandSample/S1A-019.txt","data/ICEIrelandSample/S1A-019.txt",NA,14.5
"concordancing","data_folder_file","ICEIrelandSample/S1A-020.txt","data/ICEIrelandSample/S1A-020.txt",NA,14.4
"concordancing","data_folder_file","ICEIrelandSample/S1A-021.txt","data/ICEIrelandSample/S1A-021.txt",NA,12.3
"concordancing","data_folder_file","ICEIrelandSample/S1A-022.txt","data/ICEIrelandSample/S1A-022.txt",NA,15.6
"concordancing","data_folder_file","ICEIrelandSample/S1A-023.txt","data/ICEIrelandSample/S1A-023.txt",NA,16.8
"concordancing","data_folder_file","ICEIrelandSample/S1A-024.txt","data/ICEIrelandSample/S1A-024.txt",NA,16
"concordancing","data_folder_file","ICEIrelandSample/S1A-025.txt","data/ICEIrelandSample/S1A-025.txt",NA,15.4
"concordancing","data_folder_file","ICEIrelandSample/S1A-026.txt","data/ICEIrelandSample/S1A-026.txt",NA,13.5
"concordancing","data_folder_file","ICEIrelandSample/S1A-027.txt","data/ICEIrelandSample/S1A-027.txt",NA,14.4
"concordancing","data_folder_file","ICEIrelandSample/S1A-028.txt","data/ICEIrelandSample/S1A-028.txt",NA,14.1
"concordancing","data_folder_file","ICEIrelandSample/S1A-029.txt","data/ICEIrelandSample/S1A-029.txt",NA,14.7
"concordancing","data_folder_file","ICEIrelandSample/S1A-030.txt","data/ICEIrelandSample/S1A-030.txt",NA,15.8
"concordancing","data_folder_file","ICEIrelandSample/S1A-031.txt","data/ICEIrelandSample/S1A-031.txt",NA,15.8
"concordancing","data_folder_file","ICEIrelandSample/S1A-032.txt","data/ICEIrelandSample/S1A-032.txt",NA,15.3
"concordancing","data_folder_file","ICEIrelandSample/S1A-033.txt","data/ICEIrelandSample/S1A-033.txt",NA,16.1
"concordancing","data_folder_file","ICEIrelandSample/S1A-034.txt","data/ICEIrelandSample/S1A-034.txt",NA,15.7
"concordancing","data_folder_file","ICEIrelandSample/S1A-035.txt","data/ICEIrelandSample/S1A-035.txt",NA,14.6
"concordancing","data_folder_file","ICEIrelandSample/S1A-036.txt","data/ICEIrelandSample/S1A-036.txt",NA,14.9
"concordancing","data_folder_file","ICEIrelandSample/S1A-037.txt","data/ICEIrelandSample/S1A-037.txt",NA,16.1
"concordancing","data_folder_file","ICEIrelandSample/S1A-038.txt","data/ICEIrelandSample/S1A-038.txt",NA,14.5
"concordancing","data_folder_file","ICEIrelandSample/S1A-039.txt","data/ICEIrelandSample/S1A-039.txt",NA,13.8
"concordancing","data_folder_file","ICEIrelandSample/S1A-040.txt","data/ICEIrelandSample/S1A-040.txt",NA,8.5
"concordancing","data_folder_file","ICEIrelandSample/S1A-041.txt","data/ICEIrelandSample/S1A-041.txt",NA,16.6
"concordancing","data_folder_file","ICEIrelandSample/S1A-042.txt","data/ICEIrelandSample/S1A-042.txt",NA,13.4
"concordancing","data_folder_file","ICEIrelandSample/S1A-043.txt","data/ICEIrelandSample/S1A-043.txt",NA,13.6
"concordancing","data_folder_file","ICEIrelandSample/S1A-044.txt","data/ICEIrelandSample/S1A-044.txt",NA,11.8
"concordancing","data_folder_file","ICEIrelandSample/S1A-045.txt","data/ICEIrelandSample/S1A-045.txt",NA,14.5
"concordancing","data_folder_file","ICEIrelandSample/S1A-046.txt","data/ICEIrelandSample/S1A-046.txt",NA,12.8
"concordancing","data_folder_file","ICEIrelandSample/S1A-047.txt","data/ICEIrelandSample/S1A-047.txt",NA,14.5
"concordancing","data_folder_file","ICEIrelandSample/S1A-048.txt","data/ICEIrelandSample/S1A-048.txt",NA,13.4
"concordancing","data_folder_file","ICEIrelandSample/S1A-049.txt","data/ICEIrelandSample/S1A-049.txt",NA,16
"concordancing","data_folder_file","ICEIrelandSample/S1A-050.txt","data/ICEIrelandSample/S1A-050.txt",NA,16.5
"concordancing","data_folder_file","ICEIrelandSample/S1A-051.txt","data/ICEIrelandSample/S1A-051.txt",NA,16
"concordancing","data_folder_file","ICEIrelandSample/S1A-052 Buttermilk.txt","data/ICEIrelandSample/S1A-052 Buttermilk.txt",NA,14.5
"concordancing","data_folder_file","ICEIrelandSample/S1A-053 Student grants 1.txt","data/ICEIrelandSample/S1A-053 Student grants 1.txt",NA,15
"concordancing","data_folder_file","ICEIrelandSample/S1A-054 Student grants 2.txt","data/ICEIrelandSample/S1A-054 Student grants 2.txt",NA,12.8
"concordancing","data_folder_file","ICEIrelandSample/S1A-055 Hospitals.txt","data/ICEIrelandSample/S1A-055 Hospitals.txt",NA,18.1
"concordancing","data_folder_file","ICEIrelandSample/S1A-056 Holistic medicine 1.txt","data/ICEIrelandSample/S1A-056 Holistic medicine 1.txt",NA,14
"concordancing","data_folder_file","ICEIrelandSample/S1A-057 Studying 2.txt","data/ICEIrelandSample/S1A-057 Studying 2.txt",NA,13
"concordancing","data_folder_file","ICEIrelandSample/S1A-058 Holistic medicine 2.txt","data/ICEIrelandSample/S1A-058 Holistic medicine 2.txt",NA,14.7
"concordancing","data_folder_file","ICEIrelandSample/S1A-059 Glasses 1.txt","data/ICEIrelandSample/S1A-059 Glasses 1.txt",NA,13.3
"concordancing","data_folder_file","ICEIrelandSample/S1A-060 Glasses 2.txt","data/ICEIrelandSample/S1A-060 Glasses 2.txt",NA,11.3
"concordancing","data_folder_file","ICEIrelandSample/S1A-061 Modern man.txt","data/ICEIrelandSample/S1A-061 Modern man.txt",NA,13.5
"concordancing","data_folder_file","ICEIrelandSample/S1A-062 America trip 1.txt","data/ICEIrelandSample/S1A-062 America trip 1.txt",NA,14.1
"concordancing","data_folder_file","ICEIrelandSample/S1A-063 Shoes.txt","data/ICEIrelandSample/S1A-063 Shoes.txt",NA,14.4
"concordancing","data_folder_file","ICEIrelandSample/S1A-064 O'Connell Street.txt","data/ICEIrelandSample/S1A-064 O'Connell Street.txt",NA,9.4
"concordancing","data_folder_file","ICEIrelandSample/S1A-065 America trip 2.txt","data/ICEIrelandSample/S1A-065 America trip 2.txt",NA,17.4
"concordancing","data_folder_file","ICEIrelandSample/S1A-066 Radio music.txt","data/ICEIrelandSample/S1A-066 Radio music.txt",NA,15.5
"concordancing","data_folder_file","ICEIrelandSample/S1A-067 Apprenticeship.txt","data/ICEIrelandSample/S1A-067 Apprenticeship.txt",NA,15.2
"concordancing","data_folder_file","ICEIrelandSample/S1A-068 Rock bands.txt","data/ICEIrelandSample/S1A-068 Rock bands.txt",NA,14.5
"concordancing","data_folder_file","ICEIrelandSample/S1A-069 Christmas trees.txt","data/ICEIrelandSample/S1A-069 Christmas trees.txt",NA,15.6
"concordancing","data_folder_file","ICEIrelandSample/S1A-070 Friends.txt","data/ICEIrelandSample/S1A-070 Friends.txt",NA,14.9
"concordancing","data_folder_file","ICEIrelandSample/S1A-071 Elocution.txt","data/ICEIrelandSample/S1A-071 Elocution.txt",NA,15.9
"concordancing","data_folder_file","ICEIrelandSample/S1A-072 Driver's licence.txt","data/ICEIrelandSample/S1A-072 Driver's licence.txt",NA,17.7
"concordancing","data_folder_file","ICEIrelandSample/S1A-073 Politics.txt","data/ICEIrelandSample/S1A-073 Politics.txt",NA,16.9
"concordancing","data_folder_file","ICEIrelandSample/S1A-074 Local shops.txt","data/ICEIrelandSample/S1A-074 Local shops.txt",NA,16
"concordancing","data_folder_file","ICEIrelandSample/S1A-075 Present.txt","data/ICEIrelandSample/S1A-075 Present.txt",NA,17.6
"concordancing","data_folder_file","ICEIrelandSample/S1A-076 Boyfriends 2.txt","data/ICEIrelandSample/S1A-076 Boyfriends 2.txt",NA,15
"concordancing","data_folder_file","ICEIrelandSample/S1A-077 Books.txt","data/ICEIrelandSample/S1A-077 Books.txt",NA,16.8
"concordancing","data_folder_file","ICEIrelandSample/S1A-078 Medical project.txt","data/ICEIrelandSample/S1A-078 Medical project.txt",NA,15.2
"concordancing","data_folder_file","ICEIrelandSample/S1A-079 Driving.txt","data/ICEIrelandSample/S1A-079 Driving.txt",NA,14.6
"concordancing","data_folder_file","ICEIrelandSample/S1A-080 Motorbikes.txt","data/ICEIrelandSample/S1A-080 Motorbikes.txt",NA,15.7
"concordancing","data_folder_file","ICEIrelandSample/S1A-081 Croke Park.txt","data/ICEIrelandSample/S1A-081 Croke Park.txt",NA,17
"concordancing","data_folder_file","ICEIrelandSample/S1A-082 Kissogram.txt","data/ICEIrelandSample/S1A-082 Kissogram.txt",NA,17.6
"concordancing","data_folder_file","ICEIrelandSample/S1A-083 Donkey story.txt","data/ICEIrelandSample/S1A-083 Donkey story.txt",NA,15.5
"concordancing","data_folder_file","ICEIrelandSample/S1A-084 General election.txt","data/ICEIrelandSample/S1A-084 General election.txt",NA,16.4
"concordancing","data_folder_file","ICEIrelandSample/S1A-085 Birthday cake.txt","data/ICEIrelandSample/S1A-085 Birthday cake.txt",NA,15.8
"concordancing","data_folder_file","ICEIrelandSample/S1A-086 Baby.txt","data/ICEIrelandSample/S1A-086 Baby.txt",NA,16.3
"concordancing","data_folder_file","ICEIrelandSample/S1A-087 Line dancing.txt","data/ICEIrelandSample/S1A-087 Line dancing.txt",NA,16
"concordancing","data_folder_file","ICEIrelandSample/S1A-088 Therapy inaugural.txt","data/ICEIrelandSample/S1A-088 Therapy inaugural.txt",NA,16.5
"concordancing","data_folder_file","ICEIrelandSample/S1A-089 American men.txt","data/ICEIrelandSample/S1A-089 American men.txt",NA,16.6
"concordancing","data_folder_file","ICEIrelandSample/S1A-090 Designer clothes.txt","data/ICEIrelandSample/S1A-090 Designer clothes.txt",NA,13.9
"concordancing","data_folder_file","ICEIrelandSample/S1A-091 Haircut - Mortgage.txt","data/ICEIrelandSample/S1A-091 Haircut - Mortgage.txt",NA,16.2
"concordancing","data_folder_file","ICEIrelandSample/S1A-092 Househunting.txt","data/ICEIrelandSample/S1A-092 Househunting.txt",NA,13.9
"concordancing","data_folder_file","ICEIrelandSample/S1A-093 Motorbikes.txt","data/ICEIrelandSample/S1A-093 Motorbikes.txt",NA,14.2
"concordancing","data_folder_file","ICEIrelandSample/S1A-094 Health.txt","data/ICEIrelandSample/S1A-094 Health.txt",NA,15.7
"concordancing","data_folder_file","ICEIrelandSample/S1A-095 Strep infection.txt","data/ICEIrelandSample/S1A-095 Strep infection.txt",NA,13.9
"concordancing","data_folder_file","ICEIrelandSample/S1A-096 Sisters 1.txt","data/ICEIrelandSample/S1A-096 Sisters 1.txt",NA,13.5
"concordancing","data_folder_file","ICEIrelandSample/S1A-097 Sisters 2.txt","data/ICEIrelandSample/S1A-097 Sisters 2.txt",NA,15.5
"concordancing","data_folder_file","ICEIrelandSample/S1A-098 Bad weather.txt","data/ICEIrelandSample/S1A-098 Bad weather.txt",NA,14.8
"concordancing","data_folder_file","ICEIrelandSample/S1A-099 Dresses.txt","data/ICEIrelandSample/S1A-099 Dresses.txt",NA,13.4
"concordancing","data_folder_file","ICEIrelandSample/S1A-100 College plans.txt","data/ICEIrelandSample/S1A-100 College plans.txt",NA,13
"concordancing","data_folder_file","alice.rda","data/alice.rda",NA,56.8
"concordancing","load_rda","alice.rda","tutorials/concordancing/data/alice.rda",1685,NA
"concordancing","package_dataset","add_count","dplyr::add_count",1109,NA
"concordancing","package_dataset","arrange","dplyr::arrange",1090,NA
"concordancing","package_dataset","bind_rows","dplyr::bind_rows",1491,NA
"concordancing","package_dataset","count","dplyr::count",1153,NA
"concordancing","package_dataset","desc","dplyr::desc",1111,NA
"concordancing","package_dataset","distinct","dplyr::distinct",1119,NA
"concordancing","package_dataset","filter","dplyr::filter",1024,NA
"concordancing","package_dataset","last","dplyr::last",1146,NA
"concordancing","package_dataset","mutate","dplyr::mutate",1107,NA
"concordancing","package_dataset","rowwise","dplyr::rowwise",1142,NA
"concordancing","package_dataset","select","dplyr::select",781,NA
"concordancing","package_dataset","str_detect","stringr::str_detect",957,NA
"concordancing","package_dataset","str_extract","stringr::str_extract",1107,NA
"concordancing","package_dataset","str_remove","stringr::str_remove",471,NA
"concordancing","package_dataset","str_remove_all","stringr::str_remove_all",1333,NA
"concordancing","package_dataset","str_split","stringr::str_split",1144,NA
"concordancing","package_dataset","str_squish","stringr::str_squish",469,NA
"concordancing","package_dataset","ungroup","dplyr::ungroup",1149,NA
"corpus_compilation","data_call","e.g.","data(e.g.)",1523,NA
"corpus_compilation","data_call","patient","data(patient)",553,NA
"corpus_compilation","inline_tibble","actual_files","tibble(...)  [line 1436]",1436,NA
"corpus_compilation","package_dataset","filter","dplyr::filter",653,NA
"corpus_compilation","package_dataset","pull","dplyr::pull",654,NA
"corpus_compilation","read_csv","analysis_results","data/frequency_results.csv",1410,NA
"corpus_compilation","read_csv","metadata_df","data/corpus_metadata.csv",1433,NA
"corpus_linguistics","data_folder_file","ICEIrelandSample/S1A-001.txt","data/ICEIrelandSample/S1A-001.txt",NA,13.2
"corpus_linguistics","data_folder_file","ICEIrelandSample/S1A-002.txt","data/ICEIrelandSample/S1A-002.txt",NA,17.9
"corpus_linguistics","data_folder_file","ICEIrelandSample/S1A-003.txt","data/ICEIrelandSample/S1A-003.txt",NA,17.2
"corpus_linguistics","data_folder_file","ICEIrelandSample/S1A-004.txt","data/ICEIrelandSample/S1A-004.txt",NA,15.9
"corpus_linguistics","data_folder_file","ICEIrelandSample/S1A-005.txt","data/ICEIrelandSample/S1A-005.txt",NA,13.8
"corpus_linguistics","data_folder_file","ICEIrelandSample/S1A-006.txt","data/ICEIrelandSample/S1A-006.txt",NA,17.2
"corpus_linguistics","data_folder_file","ICEIrelandSample/S1A-007.txt","data/ICEIrelandSample/S1A-007.txt",NA,16.4
"corpus_linguistics","data_folder_file","ICEIrelandSample/S1A-008.txt","data/ICEIrelandSample/S1A-008.txt",NA,14.6
"corpus_linguistics","data_folder_file","ICEIrelandSample/S1A-009.txt","data/ICEIrelandSample/S1A-009.txt",NA,11
"corpus_linguistics","data_folder_file","ICEIrelandSample/S1A-010.txt","data/ICEIrelandSample/S1A-010.txt",NA,12.1
"corpus_linguistics","data_folder_file","ICEIrelandSample/S1A-011.txt","data/ICEIrelandSample/S1A-011.txt",NA,12.7
"corpus_linguistics","data_folder_file","ICEIrelandSample/S1A-012.txt","data/ICEIrelandSample/S1A-012.txt",NA,13.4
"corpus_linguistics","data_folder_file","ICEIrelandSample/S1A-013.txt","data/ICEIrelandSample/S1A-013.txt",NA,13.9
"corpus_linguistics","data_folder_file","ICEIrelandSample/S1A-014.txt","data/ICEIrelandSample/S1A-014.txt",NA,16.9
"corpus_linguistics","data_folder_file","ICEIrelandSample/S1A-015.txt","data/ICEIrelandSample/S1A-015.txt",NA,15.9
"corpus_linguistics","data_folder_file","ICEIrelandSample/S1A-016.txt","data/ICEIrelandSample/S1A-016.txt",NA,14.9
"corpus_linguistics","data_folder_file","ICEIrelandSample/S1A-017.txt","data/ICEIrelandSample/S1A-017.txt",NA,14.5
"corpus_linguistics","data_folder_file","ICEIrelandSample/S1A-018.txt","data/ICEIrelandSample/S1A-018.txt",NA,17
"corpus_linguistics","data_folder_file","ICEIrelandSample/S1A-019.txt","data/ICEIrelandSample/S1A-019.txt",NA,14.5
"corpus_linguistics","data_folder_file","ICEIrelandSample/S1A-020.txt","data/ICEIrelandSample/S1A-020.txt",NA,14.4
"corpus_linguistics","data_folder_file","ICEIrelandSample/S1A-021.txt","data/ICEIrelandSample/S1A-021.txt",NA,12.3
"corpus_linguistics","data_folder_file","ICEIrelandSample/S1A-022.txt","data/ICEIrelandSample/S1A-022.txt",NA,15.6
"corpus_linguistics","data_folder_file","ICEIrelandSample/S1A-023.txt","data/ICEIrelandSample/S1A-023.txt",NA,16.8
"corpus_linguistics","data_folder_file","ICEIrelandSample/S1A-024.txt","data/ICEIrelandSample/S1A-024.txt",NA,16
"corpus_linguistics","data_folder_file","ICEIrelandSample/S1A-025.txt","data/ICEIrelandSample/S1A-025.txt",NA,15.4
"corpus_linguistics","data_folder_file","ICEIrelandSample/S1A-026.txt","data/ICEIrelandSample/S1A-026.txt",NA,13.5
"corpus_linguistics","data_folder_file","ICEIrelandSample/S1A-027.txt","data/ICEIrelandSample/S1A-027.txt",NA,14.4
"corpus_linguistics","data_folder_file","ICEIrelandSample/S1A-028.txt","data/ICEIrelandSample/S1A-028.txt",NA,14.1
"corpus_linguistics","data_folder_file","ICEIrelandSample/S1A-029.txt","data/ICEIrelandSample/S1A-029.txt",NA,14.7
"corpus_linguistics","data_folder_file","ICEIrelandSample/S1A-030.txt","data/ICEIrelandSample/S1A-030.txt",NA,15.8
"corpus_linguistics","data_folder_file","ICEIrelandSample/S1A-031.txt","data/ICEIrelandSample/S1A-031.txt",NA,15.8
"corpus_linguistics","data_folder_file","ICEIrelandSample/S1A-032.txt","data/ICEIrelandSample/S1A-032.txt",NA,15.3
"corpus_linguistics","data_folder_file","ICEIrelandSample/S1A-033.txt","data/ICEIrelandSample/S1A-033.txt",NA,16.1
"corpus_linguistics","data_folder_file","ICEIrelandSample/S1A-034.txt","data/ICEIrelandSample/S1A-034.txt",NA,15.7
"corpus_linguistics","data_folder_file","ICEIrelandSample/S1A-035.txt","data/ICEIrelandSample/S1A-035.txt",NA,14.6
"corpus_linguistics","data_folder_file","ICEIrelandSample/S1A-036.txt","data/ICEIrelandSample/S1A-036.txt",NA,14.9
"corpus_linguistics","data_folder_file","ICEIrelandSample/S1A-037.txt","data/ICEIrelandSample/S1A-037.txt",NA,16.1
"corpus_linguistics","data_folder_file","ICEIrelandSample/S1A-038.txt","data/ICEIrelandSample/S1A-038.txt",NA,14.5
"corpus_linguistics","data_folder_file","ICEIrelandSample/S1A-039.txt","data/ICEIrelandSample/S1A-039.txt",NA,13.8
"corpus_linguistics","data_folder_file","ICEIrelandSample/S1A-040.txt","data/ICEIrelandSample/S1A-040.txt",NA,8.5
"corpus_linguistics","data_folder_file","ICEIrelandSample/S1A-041.txt","data/ICEIrelandSample/S1A-041.txt",NA,16.6
"corpus_linguistics","data_folder_file","ICEIrelandSample/S1A-042.txt","data/ICEIrelandSample/S1A-042.txt",NA,13.4
"corpus_linguistics","data_folder_file","ICEIrelandSample/S1A-043.txt","data/ICEIrelandSample/S1A-043.txt",NA,13.6
"corpus_linguistics","data_folder_file","ICEIrelandSample/S1A-044.txt","data/ICEIrelandSample/S1A-044.txt",NA,11.8
"corpus_linguistics","data_folder_file","ICEIrelandSample/S1A-045.txt","data/ICEIrelandSample/S1A-045.txt",NA,14.5
"corpus_linguistics","data_folder_file","ICEIrelandSample/S1A-046.txt","data/ICEIrelandSample/S1A-046.txt",NA,12.8
"corpus_linguistics","data_folder_file","ICEIrelandSample/S1A-047.txt","data/ICEIrelandSample/S1A-047.txt",NA,14.5
"corpus_linguistics","data_folder_file","ICEIrelandSample/S1A-048.txt","data/ICEIrelandSample/S1A-048.txt",NA,13.4
"corpus_linguistics","data_folder_file","ICEIrelandSample/S1A-049.txt","data/ICEIrelandSample/S1A-049.txt",NA,16
"corpus_linguistics","data_folder_file","ICEIrelandSample/S1A-050.txt","data/ICEIrelandSample/S1A-050.txt",NA,16.5
"corpus_linguistics","data_folder_file","ICEIrelandSample/S1A-051.txt","data/ICEIrelandSample/S1A-051.txt",NA,16
"corpus_linguistics","data_folder_file","ICEIrelandSample/S1A-052 Buttermilk.txt","data/ICEIrelandSample/S1A-052 Buttermilk.txt",NA,14.5
"corpus_linguistics","data_folder_file","ICEIrelandSample/S1A-053 Student grants 1.txt","data/ICEIrelandSample/S1A-053 Student grants 1.txt",NA,15
"corpus_linguistics","data_folder_file","ICEIrelandSample/S1A-054 Student grants 2.txt","data/ICEIrelandSample/S1A-054 Student grants 2.txt",NA,12.8
"corpus_linguistics","data_folder_file","ICEIrelandSample/S1A-055 Hospitals.txt","data/ICEIrelandSample/S1A-055 Hospitals.txt",NA,18.1
"corpus_linguistics","data_folder_file","ICEIrelandSample/S1A-056 Holistic medicine 1.txt","data/ICEIrelandSample/S1A-056 Holistic medicine 1.txt",NA,14
"corpus_linguistics","data_folder_file","ICEIrelandSample/S1A-057 Studying 2.txt","data/ICEIrelandSample/S1A-057 Studying 2.txt",NA,13
"corpus_linguistics","data_folder_file","ICEIrelandSample/S1A-058 Holistic medicine 2.txt","data/ICEIrelandSample/S1A-058 Holistic medicine 2.txt",NA,14.7
"corpus_linguistics","data_folder_file","ICEIrelandSample/S1A-059 Glasses 1.txt","data/ICEIrelandSample/S1A-059 Glasses 1.txt",NA,13.3
"corpus_linguistics","data_folder_file","ICEIrelandSample/S1A-060 Glasses 2.txt","data/ICEIrelandSample/S1A-060 Glasses 2.txt",NA,11.3
"corpus_linguistics","data_folder_file","ICEIrelandSample/S1A-061 Modern man.txt","data/ICEIrelandSample/S1A-061 Modern man.txt",NA,13.5
"corpus_linguistics","data_folder_file","ICEIrelandSample/S1A-062 America trip 1.txt","data/ICEIrelandSample/S1A-062 America trip 1.txt",NA,14.1
"corpus_linguistics","data_folder_file","ICEIrelandSample/S1A-063 Shoes.txt","data/ICEIrelandSample/S1A-063 Shoes.txt",NA,14.4
"corpus_linguistics","data_folder_file","ICEIrelandSample/S1A-064 O'Connell Street.txt","data/ICEIrelandSample/S1A-064 O'Connell Street.txt",NA,9.4
"corpus_linguistics","data_folder_file","ICEIrelandSample/S1A-065 America trip 2.txt","data/ICEIrelandSample/S1A-065 America trip 2.txt",NA,17.4
"corpus_linguistics","data_folder_file","ICEIrelandSample/S1A-066 Radio music.txt","data/ICEIrelandSample/S1A-066 Radio music.txt",NA,15.5
"corpus_linguistics","data_folder_file","ICEIrelandSample/S1A-067 Apprenticeship.txt","data/ICEIrelandSample/S1A-067 Apprenticeship.txt",NA,15.2
"corpus_linguistics","data_folder_file","ICEIrelandSample/S1A-068 Rock bands.txt","data/ICEIrelandSample/S1A-068 Rock bands.txt",NA,14.5
"corpus_linguistics","data_folder_file","ICEIrelandSample/S1A-069 Christmas trees.txt","data/ICEIrelandSample/S1A-069 Christmas trees.txt",NA,15.6
"corpus_linguistics","data_folder_file","ICEIrelandSample/S1A-070 Friends.txt","data/ICEIrelandSample/S1A-070 Friends.txt",NA,14.9
"corpus_linguistics","data_folder_file","ICEIrelandSample/S1A-071 Elocution.txt","data/ICEIrelandSample/S1A-071 Elocution.txt",NA,15.9
"corpus_linguistics","data_folder_file","ICEIrelandSample/S1A-072 Driver's licence.txt","data/ICEIrelandSample/S1A-072 Driver's licence.txt",NA,17.7
"corpus_linguistics","data_folder_file","ICEIrelandSample/S1A-073 Politics.txt","data/ICEIrelandSample/S1A-073 Politics.txt",NA,16.9
"corpus_linguistics","data_folder_file","ICEIrelandSample/S1A-074 Local shops.txt","data/ICEIrelandSample/S1A-074 Local shops.txt",NA,16
"corpus_linguistics","data_folder_file","ICEIrelandSample/S1A-075 Present.txt","data/ICEIrelandSample/S1A-075 Present.txt",NA,17.6
"corpus_linguistics","data_folder_file","ICEIrelandSample/S1A-076 Boyfriends 2.txt","data/ICEIrelandSample/S1A-076 Boyfriends 2.txt",NA,15
"corpus_linguistics","data_folder_file","ICEIrelandSample/S1A-077 Books.txt","data/ICEIrelandSample/S1A-077 Books.txt",NA,16.8
"corpus_linguistics","data_folder_file","ICEIrelandSample/S1A-078 Medical project.txt","data/ICEIrelandSample/S1A-078 Medical project.txt",NA,15.2
"corpus_linguistics","data_folder_file","ICEIrelandSample/S1A-079 Driving.txt","data/ICEIrelandSample/S1A-079 Driving.txt",NA,14.6
"corpus_linguistics","data_folder_file","ICEIrelandSample/S1A-080 Motorbikes.txt","data/ICEIrelandSample/S1A-080 Motorbikes.txt",NA,15.7
"corpus_linguistics","data_folder_file","ICEIrelandSample/S1A-081 Croke Park.txt","data/ICEIrelandSample/S1A-081 Croke Park.txt",NA,17
"corpus_linguistics","data_folder_file","ICEIrelandSample/S1A-082 Kissogram.txt","data/ICEIrelandSample/S1A-082 Kissogram.txt",NA,17.6
"corpus_linguistics","data_folder_file","ICEIrelandSample/S1A-083 Donkey story.txt","data/ICEIrelandSample/S1A-083 Donkey story.txt",NA,15.5
"corpus_linguistics","data_folder_file","ICEIrelandSample/S1A-084 General election.txt","data/ICEIrelandSample/S1A-084 General election.txt",NA,16.4
"corpus_linguistics","data_folder_file","ICEIrelandSample/S1A-085 Birthday cake.txt","data/ICEIrelandSample/S1A-085 Birthday cake.txt",NA,15.8
"corpus_linguistics","data_folder_file","ICEIrelandSample/S1A-086 Baby.txt","data/ICEIrelandSample/S1A-086 Baby.txt",NA,16.3
"corpus_linguistics","data_folder_file","ICEIrelandSample/S1A-087 Line dancing.txt","data/ICEIrelandSample/S1A-087 Line dancing.txt",NA,16
"corpus_linguistics","data_folder_file","ICEIrelandSample/S1A-088 Therapy inaugural.txt","data/ICEIrelandSample/S1A-088 Therapy inaugural.txt",NA,16.5
"corpus_linguistics","data_folder_file","ICEIrelandSample/S1A-089 American men.txt","data/ICEIrelandSample/S1A-089 American men.txt",NA,16.6
"corpus_linguistics","data_folder_file","ICEIrelandSample/S1A-090 Designer clothes.txt","data/ICEIrelandSample/S1A-090 Designer clothes.txt",NA,13.9
"corpus_linguistics","data_folder_file","ICEIrelandSample/S1A-091 Haircut - Mortgage.txt","data/ICEIrelandSample/S1A-091 Haircut - Mortgage.txt",NA,16.2
"corpus_linguistics","data_folder_file","ICEIrelandSample/S1A-092 Househunting.txt","data/ICEIrelandSample/S1A-092 Househunting.txt",NA,13.9
"corpus_linguistics","data_folder_file","ICEIrelandSample/S1A-093 Motorbikes.txt","data/ICEIrelandSample/S1A-093 Motorbikes.txt",NA,14.2
"corpus_linguistics","data_folder_file","ICEIrelandSample/S1A-094 Health.txt","data/ICEIrelandSample/S1A-094 Health.txt",NA,15.7
"corpus_linguistics","data_folder_file","ICEIrelandSample/S1A-095 Strep infection.txt","data/ICEIrelandSample/S1A-095 Strep infection.txt",NA,13.9
"corpus_linguistics","data_folder_file","ICEIrelandSample/S1A-096 Sisters 1.txt","data/ICEIrelandSample/S1A-096 Sisters 1.txt",NA,13.5
"corpus_linguistics","data_folder_file","ICEIrelandSample/S1A-097 Sisters 2.txt","data/ICEIrelandSample/S1A-097 Sisters 2.txt",NA,15.5
"corpus_linguistics","data_folder_file","ICEIrelandSample/S1A-098 Bad weather.txt","data/ICEIrelandSample/S1A-098 Bad weather.txt",NA,14.8
"corpus_linguistics","data_folder_file","ICEIrelandSample/S1A-099 Dresses.txt","data/ICEIrelandSample/S1A-099 Dresses.txt",NA,13.4
"corpus_linguistics","data_folder_file","ICEIrelandSample/S1A-100 College plans.txt","data/ICEIrelandSample/S1A-100 College plans.txt",NA,13
"corpus_linguistics","data_folder_file","d01.rda","data/d01.rda",NA,6
"corpus_linguistics","data_folder_file","hslld.rda","data/hslld.rda",NA,11728.7
"corpus_linguistics","inline_data.frame","aux_freq","data.frame(...)  [line 611]",611,NA
"corpus_linguistics","inline_data.frame","chitb","data.frame(...)  [line 328]",328,NA
"corpus_linguistics","package_dataset","arrange","dplyr::arrange",613,NA
"corpus_linguistics","package_dataset","count","dplyr::count",612,NA
"corpus_linguistics","package_dataset","filter","dplyr::filter",401,NA
"corpus_linguistics","package_dataset","group_by","dplyr::group_by",475,NA
"corpus_linguistics","package_dataset","left_join","dplyr::left_join",954,NA
"corpus_linguistics","package_dataset","mutate","dplyr::mutate",345,NA
"corpus_linguistics","package_dataset","n","dplyr::n",539,NA
"corpus_linguistics","package_dataset","pivot_longer","tidyr::pivot_longer",1028,NA
"corpus_linguistics","package_dataset","pivot_wider","tidyr::pivot_wider",985,NA
"corpus_linguistics","package_dataset","pull","dplyr::pull",608,NA
"corpus_linguistics","package_dataset","rename","dplyr::rename",405,NA
"corpus_linguistics","package_dataset","select","dplyr::select",404,NA
"corpus_linguistics","package_dataset","str_count","stringr::str_count",397,NA
"corpus_linguistics","package_dataset","str_detect","stringr::str_detect",455,NA
"corpus_linguistics","package_dataset","str_remove","stringr::str_remove",372,NA
"corpus_linguistics","package_dataset","str_remove_all","stringr::str_remove_all",349,NA
"corpus_linguistics","package_dataset","str_replace_all","stringr::str_replace_all",311,NA
"corpus_linguistics","package_dataset","str_split","stringr::str_split",310,NA
"corpus_linguistics","package_dataset","str_squish","stringr::str_squish",160,NA
"corpus_linguistics","package_dataset","str_sub","stringr::str_sub",390,NA
"corpus_linguistics","package_dataset","str_trim","stringr::str_trim",286,NA
"corpus_linguistics","package_dataset","summarise","dplyr::summarise",476,NA
"corpus_linguistics","readRDS","bio","tutorials/corpus_linguistics/data/d01.rda",928,NA
"corpus_linguistics","readRDS","hslld","tutorials/corpus_linguistics/data/hslld.rda",271,NA
"data_loading","data_call","LETTERS","data(LETTERS)",1103,NA
"data_loading","data_call","iris","data(iris)",1098,NA
"data_loading","data_call","letters","data(letters)",1102,NA
"data_loading","data_call","merged","data(merged)",480,NA
"data_loading","data_call","mtcars","data(mtcars)",1099,NA
"data_loading","data_call","package","data(package)",1090,NA
"data_loading","data_call","package","data(package, package = 'datasets')",1135,NA
"data_loading","data_call","package","data(package, package = 'languageR')",1136,NA
"data_loading","data_folder_file","english.txt","data/english.txt",NA,0.1
"data_loading","data_folder_file","mydoc.docx","data/mydoc.docx",NA,41.3
"data_loading","data_folder_file","testcorpus/linguistics01.txt","data/testcorpus/linguistics01.txt",NA,0.9
"data_loading","data_folder_file","testcorpus/linguistics02.txt","data/testcorpus/linguistics02.txt",NA,0.5
"data_loading","data_folder_file","testcorpus/linguistics03.txt","data/testcorpus/linguistics03.txt",NA,0.7
"data_loading","data_folder_file","testcorpus/linguistics04.txt","data/testcorpus/linguistics04.txt",NA,0.7
"data_loading","data_folder_file","testcorpus/linguistics05.txt","data/testcorpus/linguistics05.txt",NA,0.9
"data_loading","data_folder_file","testcorpus/linguistics06.txt","data/testcorpus/linguistics06.txt",NA,1.1
"data_loading","data_folder_file","testcorpus/linguistics07.txt","data/testcorpus/linguistics07.txt",NA,0.5
"data_loading","data_folder_file","testdat.csv","data/testdat.csv",NA,0.1
"data_loading","data_folder_file","testdat.rda","data/testdat.rda",NA,0.2
"data_loading","data_folder_file","testdat.txt","data/testdat.txt",NA,0.1
"data_loading","data_folder_file","testdat.xlsx","data/testdat.xlsx",NA,6.3
"data_loading","data_folder_file","testdat2.csv","data/testdat2.csv",NA,0.1
"data_loading","inline_data.frame","corpus_df","data.frame(...)  [line 1286]",1286,NA
"data_loading","inline_data.frame","letter_freq","data.frame(...)  [line 1111]",1111,NA
"data_loading","inline_data.frame","my_df","data.frame(...)  [line 723]",723,NA
"data_loading","inline_data.frame","token_df","data.frame(...)  [line 981]",981,NA
"data_loading","load_rda","iris.rda","iris.rda",1150,NA
"data_loading","load_rda","results.rda","results.rda",767,NA
"data_loading","package_dataset","arrange","dplyr::arrange",1118,NA
"data_loading","package_dataset","fill","tidyr::fill",626,NA
"data_loading","package_dataset","filter","dplyr::filter",1325,NA
"data_loading","package_dataset","pull","dplyr::pull",1335,NA
"data_loading","package_dataset","select","dplyr::select",1092,NA
"data_loading","package_dataset","str_extract_all","stringr::str_extract_all",1218,NA
"data_loading","package_dataset","unnest","tidyr::unnest",869,NA
"data_loading","read.csv","iris","iris",1148,NA
"data_loading","readRDS","iris","iris",1151,NA
"data_loading","readRDS","results.rda","results.rda",779,NA
"data_simulation","data_call","word","data(word)",359,NA
"data_simulation","inline_data.frame","base_df","data.frame(...)  [line 998]",998,NA
"data_simulation","inline_data.frame","comparison","data.frame(...)  [line 738]",738,NA
"data_simulation","inline_data.frame","corpus_freq_df","data.frame(...)  [line 503]",503,NA
"data_simulation","inline_data.frame","part_df","data.frame(...)  [line 1103]",1103,NA
"data_simulation","inline_data.frame","speaker_df","data.frame(...)  [line 823]",823,NA
"data_simulation","inline_data.frame","synth_corpus","data.frame(...)  [line 1528]",1528,NA
"data_simulation","inline_data.frame","ts_df","data.frame(...)  [line 1176]",1176,NA
"data_simulation","inline_data.frame","vocab","data.frame(...)  [line 1510]",1510,NA
"data_simulation","package_dataset","across","dplyr::across",612,NA
"data_simulation","package_dataset","bind_rows","dplyr::bind_rows",603,NA
"data_simulation","package_dataset","expand_grid","tidyr::expand_grid",843,NA
"data_simulation","package_dataset","filter","dplyr::filter",1429,NA
"data_simulation","package_dataset","fixef","lme4::fixef",1263,NA
"data_simulation","package_dataset","glmer","lme4::glmer",895,NA
"data_simulation","package_dataset","group_by","dplyr::group_by",567,NA
"data_simulation","package_dataset","left_join","dplyr::left_join",847,NA
"data_simulation","package_dataset","lmer","lme4::lmer",1256,NA
"data_simulation","package_dataset","mutate","dplyr::mutate",552,NA
"data_simulation","package_dataset","mvrnorm","MASS::mvrnorm",630,NA
"data_simulation","package_dataset","n","dplyr::n",849,NA
"data_simulation","package_dataset","pull","dplyr::pull",1431,NA
"data_simulation","package_dataset","select","dplyr::select",563,NA
"data_simulation","package_dataset","slice","dplyr::slice",1430,NA
"data_simulation","package_dataset","starts_with","dplyr::starts_with",612,NA
"data_simulation","package_dataset","str_pad","stringr::str_pad",505,NA
"data_simulation","package_dataset","summarise","dplyr::summarise",568,NA
"data_simulation","package_dataset","ungroup","dplyr::ungroup",1125,NA
"data_viz_advanced","data_folder_file","Clinton.rda","data/Clinton.rda",NA,28.7
"data_viz_advanced","data_folder_file","Trump.rda","data/Trump.rda",NA,294.6
"data_viz_advanced","data_folder_file","lid.rda","data/lid.rda",NA,0.2
"data_viz_advanced","data_folder_file","pvd.rda","data/pvd.rda",NA,5.7
"data_viz_advanced","data_folder_file","sdd.rda","data/sdd.rda",NA,0.9
"data_viz_advanced","inline_data.frame","demo_data","data.frame(...)  [line 499]",499,NA
"data_viz_advanced","inline_data.frame","flagsdf","data.frame(...)  [line 946]",946,NA
"data_viz_advanced","inline_data.frame","plottable","data.frame(...)  [line 1014]",1014,NA
"data_viz_advanced","inline_data.frame","testdata","data.frame(...)  [line 1007]",1007,NA
"data_viz_advanced","package_dataset","annotate","ggplot2::annotate",507,NA
"data_viz_advanced","package_dataset","annotated","ggplot2::annotated",1470,NA
"data_viz_advanced","package_dataset","arrange","dplyr::arrange",791,NA
"data_viz_advanced","package_dataset","case_when","dplyr::case_when",875,NA
"data_viz_advanced","package_dataset","group_by","dplyr::group_by",697,NA
"data_viz_advanced","package_dataset","mutate","dplyr::mutate",618,NA
"data_viz_advanced","package_dataset","mutate_if","dplyr::mutate_if",757,NA
"data_viz_advanced","package_dataset","select","dplyr::select",763,NA
"data_viz_advanced","package_dataset","spread","tidyr::spread",849,NA
"data_viz_advanced","package_dataset","str_replace_all","stringr::str_replace_all",749,NA
"data_viz_advanced","package_dataset","str_squish","stringr::str_squish",750,NA
"data_viz_advanced","package_dataset","summarise","dplyr::summarise",620,NA
"data_viz_advanced","package_dataset","summarize","dplyr::summarize",698,NA
"data_viz_advanced","readRDS","clinton","tutorials/data_viz_advanced/data/Clinton.rda",916,NA
"data_viz_advanced","readRDS","ldat","tutorials/data_viz_advanced/data/lid.rda",689,NA
"data_viz_advanced","readRDS","pdat","tutorials/data_viz_advanced/data/pvd.rda",193,NA
"data_viz_advanced","readRDS","sdat","tutorials/data_viz_advanced/data/sdd.rda",743,NA
"data_viz_advanced","readRDS","trump","tutorials/data_viz_advanced/data/Trump.rda",918,NA
"data_viz_intro","data_call","anscombe","data(anscombe)",163,NA
"data_viz_intro","data_call","diamonds","data(diamonds)",4561,NA
"data_viz_intro","data_call","distinct","data(distinct)",2541,NA
"data_viz_intro","data_call","gapminder","data(gapminder)",4565,NA
"data_viz_intro","data_call","iris","data(iris)",4560,NA
"data_viz_intro","data_call","mtcars","data(mtcars)",4559,NA
"data_viz_intro","data_folder_file","pvd.rda","data/pvd.rda",NA,5.7
"data_viz_intro","inline_data.frame","d","data.frame(...)  [line 2876]",2876,NA
"data_viz_intro","inline_data.frame","demo_data","data.frame(...)  [line 3267]",3267,NA
"data_viz_intro","inline_data.frame","exp_data","data.frame(...)  [line 2142]",2142,NA
"data_viz_intro","inline_data.frame","shapes_df","data.frame(...)  [line 2789]",2789,NA
"data_viz_intro","package_dataset","filter","dplyr::filter",3208,NA
"data_viz_intro","package_dataset","group_by","dplyr::group_by",176,NA
"data_viz_intro","package_dataset","mutate","dplyr::mutate",169,NA
"data_viz_intro","package_dataset","pivot_longer","tidyr::pivot_longer",170,NA
"data_viz_intro","package_dataset","select","dplyr::select",1515,NA
"data_viz_intro","package_dataset","summarise","dplyr::summarise",1517,NA
"data_viz_intro","package_dataset","summarize","dplyr::summarize",177,NA
"data_viz_intro","readRDS","pdat","tutorials/data_viz_intro/data/pvd.rda",954,NA
"datamanagement","data_call","if","data(if)",667,NA
"datamanagement","read.csv","survey_data","data/raw/survey.csv",313,NA
"datamanagement","readLines","corpus_text","data/raw/letters.txt",310,NA
"descriptive_stats","data_call","Q3","data(Q3)",957,NA
"descriptive_stats","data_call","linearity","data(linearity)",2302,NA
"descriptive_stats","data_call","normal","data(normal)",195,NA
"descriptive_stats","data_call","with","data(with)",1379,NA
"descriptive_stats","inline_data.frame","bar_data","data.frame(...)  [line 2087]",2087,NA
"descriptive_stats","inline_data.frame","corr_data","data.frame(...)  [line 2230]",2230,NA
"descriptive_stats","inline_data.frame","d_table","data.frame(...)  [line 2939]",2939,NA
"descriptive_stats","inline_data.frame","df_age","data.frame(...)  [line 407]",407,NA
"descriptive_stats","inline_data.frame","df_dists","data.frame(...)  [line 1409]",1409,NA
"descriptive_stats","inline_data.frame","df_invest","data.frame(...)  [line 733]",733,NA
"descriptive_stats","inline_data.frame","df_kurt","data.frame(...)  [line 1620]",1620,NA
"descriptive_stats","inline_data.frame","df_means","data.frame(...)  [line 216]",216,NA
"descriptive_stats","inline_data.frame","df_moby","data.frame(...)  [line 276]",276,NA
"descriptive_stats","inline_data.frame","df_res","data.frame(...)  [line 563]",563,NA
"descriptive_stats","inline_data.frame","df_rt","data.frame(...)  [line 2376]",2376,NA
"descriptive_stats","inline_data.frame","df_skew","data.frame(...)  [line 1542]",1542,NA
"descriptive_stats","inline_data.frame","df_temp","data.frame(...)  [line 785]",785,NA
"descriptive_stats","inline_data.frame","interp","data.frame(...)  [line 2170]",2170,NA
"descriptive_stats","inline_data.frame","lineplotdata","data.frame(...)  [line 807]",807,NA
"descriptive_stats","inline_data.frame","linguistics_corpus","data.frame(...)  [line 2737]",2737,NA
"descriptive_stats","inline_data.frame","linguistics_data","data.frame(...)  [line 1736]",1736,NA
"descriptive_stats","inline_data.frame","particletable","data.frame(...)  [line 670]",670,NA
"descriptive_stats","inline_data.frame","qref","data.frame(...)  [line 2458]",2458,NA
"descriptive_stats","inline_data.frame","report_data","data.frame(...)  [line 3121]",3121,NA
"descriptive_stats","inline_data.frame","rt_data","data.frame(...)  [line 1470]",1470,NA
"descriptive_stats","inline_data.frame","rt_viz","data.frame(...)  [line 2034]",2034,NA
"descriptive_stats","inline_data.frame","rts","data.frame(...)  [line 1058]",1058,NA
"descriptive_stats","inline_data.frame","scatter_data","data.frame(...)  [line 2120]",2120,NA
"descriptive_stats","package_dataset","glimpse","dplyr::glimpse",2533,NA
"descriptive_stats","package_dataset","group_by","dplyr::group_by",1793,NA
"descriptive_stats","package_dataset","mutate","dplyr::mutate",384,NA
"descriptive_stats","package_dataset","recode","dplyr::recode",2910,NA
"descriptive_stats","package_dataset","rename","dplyr::rename",3138,NA
"descriptive_stats","package_dataset","summarise","dplyr::summarise",1794,NA
"descriptive_stats","read.csv","data_base","path/to/your/data.csv",2713,NA
"descriptive_stats","read_csv","data_csv","path/to/your/data.csv",2707,NA
"dimension_reduction","data_call","biopsy","data(biopsy)",594,NA
"dimension_reduction","data_folder_file","sud.rda","data/sud.rda",NA,0.4
"dimension_reduction","inline_data.frame","df","data.frame(...)  [line 428]",428,NA
"dimension_reduction","inline_data.frame","fadat","data.frame(...)  [line 881]",881,NA
"dimension_reduction","inline_data.frame","mds.data","data.frame(...)  [line 753]",753,NA
"dimension_reduction","inline_data.frame","pcadat","data.frame(...)  [line 272]",272,NA
"dimension_reduction","inline_data.frame","pcadat_rotated","data.frame(...)  [line 408]",408,NA
"dimension_reduction","package_dataset","annotate","ggplot2::annotate",336,NA
"dimension_reduction","package_dataset","drop_na","tidyr::drop_na",596,NA
"dimension_reduction","package_dataset","mutate","dplyr::mutate",299,NA
"dimension_reduction","package_dataset","n","dplyr::n",839,NA
"dimension_reduction","package_dataset","rename","dplyr::rename",575,NA
"dimension_reduction","package_dataset","scale_color_manual","ggplot2::scale_color_manual",629,NA
"dimension_reduction","package_dataset","select","dplyr::select",315,NA
"dimension_reduction","package_dataset","select_if","dplyr::select_if",606,NA
"dimension_reduction","readRDS","surveydata","tutorials/dimension_reduction/data/sud.rda",539,NA
"document_classification","data_folder_file","SEL_perparty_v2.rda","data/SEL_perparty_v2.rda",NA,13145.1
"document_classification","package_dataset","rename","dplyr::rename",793,NA
"document_classification","readRDS","rt","tutorials/document_classification/data/SEL_perparty_v2.rda",145,NA
"embeddings","data_folder_file","alice.rda","data/alice.rda",NA,56.8
"embeddings","data_folder_file","alice.txt","data/alice.txt",NA,147.6
"embeddings","data_folder_file","darwin.rda","data/darwin.rda",NA,419.9
"embeddings","data_folder_file","melville.rda","data/melville.rda",NA,508.4
"embeddings","data_folder_file","moby.txt","data/moby.txt",NA,1175.6
"embeddings","data_folder_file","orwell.rda","data/orwell.rda",NA,196.1
"embeddings","data_folder_file","pride.txt","data/pride.txt",NA,720.7
"embeddings","inline_data.frame","plot_data","data.frame(...)  [line 1198]",1198,NA
"embeddings","inline_data.frame","tsne_data","data.frame(...)  [line 753]",753,NA
"embeddings","inline_data.frame","viz_data","data.frame(...)  [line 635]",635,NA
"eyetracking","package_dataset","arrange","dplyr::arrange",487,NA
"eyetracking","package_dataset","bind_rows","dplyr::bind_rows",345,NA
"eyetracking","package_dataset","case_when","dplyr::case_when",314,NA
"eyetracking","package_dataset","filter","dplyr::filter",308,NA
"eyetracking","package_dataset","glmer","lme4::glmer",800,NA
"eyetracking","package_dataset","group_by","dplyr::group_by",665,NA
"eyetracking","package_dataset","left_join","dplyr::left_join",374,NA
"eyetracking","package_dataset","lmer","lme4::lmer",1011,NA
"eyetracking","package_dataset","mutate","dplyr::mutate",273,NA
"eyetracking","package_dataset","select","dplyr::select",286,NA
"eyetracking","package_dataset","summarise","dplyr::summarise",666,NA
"gutenberg","inline_data.frame","result","data.frame(...)  [line 235]",235,NA
"gutenberg","package_dataset","bind_rows","dplyr::bind_rows",534,NA
"gutenberg","package_dataset","count","dplyr::count",384,NA
"gutenberg","package_dataset","filter","dplyr::filter",231,NA
"gutenberg","package_dataset","first","dplyr::first",233,NA
"gutenberg","package_dataset","group_by","dplyr::group_by",622,NA
"gutenberg","package_dataset","left_join","dplyr::left_join",612,NA
"gutenberg","package_dataset","mutate","dplyr::mutate",412,NA
"gutenberg","package_dataset","n","dplyr::n",624,NA
"gutenberg","package_dataset","pull","dplyr::pull",232,NA
"gutenberg","package_dataset","regex","stringr::regex",744,NA
"gutenberg","package_dataset","select","dplyr::select",355,NA
"gutenberg","package_dataset","separate_rows","tidyr::separate_rows",443,NA
"gutenberg","package_dataset","slice","dplyr::slice",686,NA
"gutenberg","package_dataset","str_count","stringr::str_count",625,NA
"gutenberg","package_dataset","str_detect","stringr::str_detect",368,NA
"gutenberg","package_dataset","str_replace_all","stringr::str_replace_all",720,NA
"gutenberg","package_dataset","str_split","stringr::str_split",721,NA
"gutenberg","package_dataset","str_squish","stringr::str_squish",709,NA
"gutenberg","package_dataset","str_to_lower","stringr::str_to_lower",843,NA
"gutenberg","package_dataset","str_trim","stringr::str_trim",444,NA
"gutenberg","package_dataset","summarise","dplyr::summarise",623,NA
"inferential_stats","data_folder_file","cfd.rda","data/cfd.rda",NA,0.8
"inferential_stats","data_folder_file","d03.rda","data/d03.rda",NA,0.2
"inferential_stats","data_folder_file","fedata.rda","data/fedata.rda",NA,0.2
"inferential_stats","data_folder_file","frdata.rda","data/frdata.rda",NA,0.2
"inferential_stats","data_folder_file","itdata.rda","data/itdata.rda",NA,0.2
"inferential_stats","data_folder_file","mdata.rda","data/mdata.rda",NA,17.6
"inferential_stats","data_folder_file","mwudata.rda","data/mwudata.rda",NA,0.2
"inferential_stats","data_folder_file","ptdata.rda","data/ptdata.rda",NA,0.2
"inferential_stats","data_folder_file","uhmdata.rda","data/uhmdata.rda",NA,0.2
"inferential_stats","data_folder_file","x2data.rda","data/x2data.rda",NA,0.1
"inferential_stats","data_folder_file","x2edata.rda","data/x2edata.rda",NA,0.2
"inferential_stats","inline_data.frame","intoxtb","data.frame(...)  [line 949]",949,NA
"inferential_stats","inline_data.frame","intoxtb_long","data.frame(...)  [line 953]",953,NA
"inferential_stats","inline_data.frame","kur","data.frame(...)  [line 398]",398,NA
"inferential_stats","inline_data.frame","lftb","data.frame(...)  [line 870]",870,NA
"inferential_stats","inline_data.frame","ptd","data.frame(...)  [line 584]",584,NA
"inferential_stats","inline_data.frame","skew","data.frame(...)  [line 343]",343,NA
"inferential_stats","inline_data.frame","test_table","data.frame(...)  [line 1401]",1401,NA
"inferential_stats","inline_data.frame","uhmtb","data.frame(...)  [line 991]",991,NA
"inferential_stats","inline_data.frame","uhmtb2","data.frame(...)  [line 1021]",1021,NA
"inferential_stats","inline_data.frame","wxdata","data.frame(...)  [line 906]",906,NA
"inferential_stats","package_dataset","filter","dplyr::filter",276,NA
"inferential_stats","package_dataset","gather","tidyr::gather",683,NA
"inferential_stats","package_dataset","group_by","dplyr::group_by",277,NA
"inferential_stats","package_dataset","mutate","dplyr::mutate",344,NA
"inferential_stats","package_dataset","pivot_longer","tidyr::pivot_longer",602,NA
"inferential_stats","package_dataset","pull","dplyr::pull",366,NA
"inferential_stats","package_dataset","rename","dplyr::rename",274,NA
"inferential_stats","package_dataset","sample_n","dplyr::sample_n",278,NA
"inferential_stats","package_dataset","select","dplyr::select",275,NA
"inferential_stats","readRDS","cfadata","tutorials/inferential_stats/data/cfd.rda",1267,NA
"inferential_stats","readRDS","fedata","tutorials/inferential_stats/data/fedata.rda",194,NA
"inferential_stats","readRDS","frdata","tutorials/inferential_stats/data/frdata.rda",197,NA
"inferential_stats","readRDS","itdata","tutorials/inferential_stats/data/itdata.rda",192,NA
"inferential_stats","readRDS","mdata","tutorials/inferential_stats/data/mdata.rda",200,NA
"inferential_stats","readRDS","mwudata","tutorials/inferential_stats/data/mwudata.rda",195,NA
"inferential_stats","readRDS","ptdata","tutorials/inferential_stats/data/ptdata.rda",193,NA
"inferential_stats","readRDS","tdata","tutorials/inferential_stats/data/d03.rda",681,NA
"inferential_stats","readRDS","uhmdata","tutorials/inferential_stats/data/uhmdata.rda",196,NA
"inferential_stats","readRDS","x2data","tutorials/inferential_stats/data/x2data.rda",198,NA
"inferential_stats","readRDS","x2edata","tutorials/inferential_stats/data/x2edata.rda",199,NA
"interactive_viz","data_call","points","data(points)",658,NA
"interactive_viz","data_call","replaces","data(replaces)",186,NA
"interactive_viz","data_folder_file","coo.rda","data/coo.rda",NA,64.4
"interactive_viz","inline_data.frame","locations","data.frame(...)  [line 709]",709,NA
"interactive_viz","inline_data.frame","uq_campuses","data.frame(...)  [line 677]",677,NA
"interactive_viz","package_dataset","arrange","dplyr::arrange",887,NA
"interactive_viz","package_dataset","filter","dplyr::filter",355,NA
"interactive_viz","package_dataset","group_by","dplyr::group_by",226,NA
"interactive_viz","package_dataset","if_else","dplyr::if_else",744,NA
"interactive_viz","package_dataset","mutate","dplyr::mutate",225,NA
"interactive_viz","package_dataset","rename","dplyr::rename",224,NA
"interactive_viz","package_dataset","select","dplyr::select",223,NA
"interactive_viz","package_dataset","spread","tidyr::spread",228,NA
"interactive_viz","package_dataset","summarise","dplyr::summarise",227,NA
"interactive_viz","readRDS","coocdata","tutorials/interactive_viz/data/coo.rda",202,NA
"jupyter","read.csv","corpus","C:/Users/martin/Documents/project/data/corpus.csv",481,NA
"jupyter","read.csv","corpus","data/corpus.csv",484,NA
"keywords","data_folder_file","melville.rda","data/melville.rda",NA,508.4
"keywords","data_folder_file","orwell.rda","data/orwell.rda",NA,196.1
"keywords","package_dataset","arrange","dplyr::arrange",615,NA
"keywords","package_dataset","case_when","dplyr::case_when",598,NA
"keywords","package_dataset","filter","dplyr::filter",613,NA
"keywords","package_dataset","group_by","dplyr::group_by",454,NA
"keywords","package_dataset","left_join","dplyr::left_join",481,NA
"keywords","package_dataset","mutate","dplyr::mutate",456,NA
"keywords","package_dataset","relocate","dplyr::relocate",621,NA
"keywords","package_dataset","rename","dplyr::rename",453,NA
"keywords","package_dataset","replace_na","tidyr::replace_na",484,NA
"keywords","package_dataset","rowwise","dplyr::rowwise",514,NA
"keywords","package_dataset","select","dplyr::select",483,NA
"keywords","package_dataset","slice_head","dplyr::slice_head",980,NA
"keywords","package_dataset","slice_tail","dplyr::slice_tail",985,NA
"keywords","package_dataset","str_remove_all","stringr::str_remove_all",441,NA
"keywords","package_dataset","summarise","dplyr::summarise",455,NA
"keywords","package_dataset","ungroup","dplyr::ungroup",978,NA
"keywords","readRDS","text1","tutorials/keywords/data/orwell.rda",382,NA
"keywords","readRDS","text2","tutorials/keywords/data/melville.rda",384,NA
"leaflet","inline_data.frame","data","data.frame(...)  [line 136]",136,NA
"leaflet","inline_data.frame","typ","data.frame(...)  [line 183]",183,NA
"learner_language","data_folder_file","LCorpus/CZPU1002.txt","data/LCorpus/CZPU1002.txt",NA,4.7
"learner_language","data_folder_file","LCorpus/FRUC2045.txt","data/LCorpus/FRUC2045.txt",NA,4.8
"learner_language","data_folder_file","LCorpus/GEAU1001.txt","data/LCorpus/GEAU1001.txt",NA,2.5
"learner_language","data_folder_file","LCorpus/ITTO2031.txt","data/LCorpus/ITTO2031.txt",NA,3
"learner_language","data_folder_file","LCorpus/POPZ5032.txt","data/LCorpus/POPZ5032.txt",NA,4.3
"learner_language","data_folder_file","LCorpus/RUMO5042.txt","data/LCorpus/RUMO5042.txt",NA,3.6
"learner_language","data_folder_file","LCorpus/SPM07011.txt","data/LCorpus/SPM07011.txt",NA,2.1
"learner_language","data_folder_file","LCorpus/SWUV3007 - Kopie.txt","data/LCorpus/SWUV3007 - Kopie.txt",NA,3.4
"learner_language","data_folder_file","LCorpus/SWUV3007.txt","data/LCorpus/SWUV3007.txt",NA,3.4
"learner_language","data_folder_file","LCorpus/alevels1.txt","data/LCorpus/alevels1.txt",NA,48.3
"learner_language","data_folder_file","LCorpus/alevels2.txt","data/LCorpus/alevels2.txt",NA,8.5
"learner_language","data_folder_file","LCorpus/cz.rda","data/LCorpus/cz.rda",NA,2.3
"learner_language","data_folder_file","LCorpus/cz.txt","data/LCorpus/cz.txt",NA,4.7
"learner_language","data_folder_file","LCorpus/de.rda","data/LCorpus/de.rda",NA,1.3
"learner_language","data_folder_file","LCorpus/de.txt","data/LCorpus/de.txt",NA,2.5
"learner_language","data_folder_file","LCorpus/es.rda","data/LCorpus/es.rda",NA,1
"learner_language","data_folder_file","LCorpus/es.txt","data/LCorpus/es.txt",NA,2.1
"learner_language","data_folder_file","LCorpus/fr.rda","data/LCorpus/fr.rda",NA,2.3
"learner_language","data_folder_file","LCorpus/fr.txt","data/LCorpus/fr.txt",NA,4.8
"learner_language","data_folder_file","LCorpus/it.rda","data/LCorpus/it.rda",NA,1.4
"learner_language","data_folder_file","LCorpus/it.txt","data/LCorpus/it.txt",NA,3
"learner_language","data_folder_file","LCorpus/ns1.rda","data/LCorpus/ns1.rda",NA,18.2
"learner_language","data_folder_file","LCorpus/ns1.txt","data/LCorpus/ns1.txt",NA,48.3
"learner_language","data_folder_file","LCorpus/ns2.rda","data/LCorpus/ns2.rda",NA,3.5
"learner_language","data_folder_file","LCorpus/ns2.txt","data/LCorpus/ns2.txt",NA,8.5
"learner_language","data_folder_file","LCorpus/pl.rda","data/LCorpus/pl.rda",NA,2
"learner_language","data_folder_file","LCorpus/pl.txt","data/LCorpus/pl.txt",NA,4.3
"learner_language","data_folder_file","LCorpus/ru.rda","data/LCorpus/ru.rda",NA,1.8
"learner_language","data_folder_file","LCorpus/ru.txt","data/LCorpus/ru.txt",NA,3.6
"learner_language","data_folder_file","LCorpus/sw.rda","data/LCorpus/sw.rda",NA,1.7
"learner_language","inline_data.frame","err_tb","data.frame(...)  [line 1445]",1445,NA
"learner_language","inline_data.frame","ngram_df","data.frame(...)  [line 690]",690,NA
"learner_language","inline_data.frame","posngram_df","data.frame(...)  [line 1074]",1074,NA
"learner_language","inline_data.frame","sl_df","data.frame(...)  [line 575]",575,NA
"learner_language","package_dataset","anti_join","dplyr::anti_join",447,NA
"learner_language","package_dataset","arrange","dplyr::arrange",296,NA
"learner_language","package_dataset","count","dplyr::count",437,NA
"learner_language","package_dataset","filter","dplyr::filter",436,NA
"learner_language","package_dataset","group_by","dplyr::group_by",708,NA
"learner_language","package_dataset","mutate","dplyr::mutate",303,NA
"learner_language","package_dataset","n","dplyr::n",709,NA
"learner_language","package_dataset","pivot_longer","tidyr::pivot_longer",741,NA
"learner_language","package_dataset","pivot_wider","tidyr::pivot_wider",726,NA
"learner_language","package_dataset","recode","dplyr::recode",742,NA
"learner_language","package_dataset","rename","dplyr::rename",435,NA
"learner_language","package_dataset","rowwise","dplyr::rowwise",783,NA
"learner_language","package_dataset","select","dplyr::select",282,NA
"learner_language","package_dataset","str_remove","stringr::str_remove",241,NA
"learner_language","package_dataset","str_remove_all","stringr::str_remove_all",543,NA
"learner_language","package_dataset","str_replace_all","stringr::str_replace_all",429,NA
"learner_language","package_dataset","str_split","stringr::str_split",432,NA
"learner_language","package_dataset","str_squish","stringr::str_squish",430,NA
"learner_language","package_dataset","summarise","dplyr::summarise",709,NA
"learner_language","package_dataset","ungroup","dplyr::ungroup",721,NA
"learner_language","readRDS","de","tutorials/learner_language/data/LCorpus/de.rda",230,NA
"learner_language","readRDS","es","tutorials/learner_language/data/LCorpus/es.rda",229,NA
"learner_language","readRDS","fr","tutorials/learner_language/data/LCorpus/fr.rda",231,NA
"learner_language","readRDS","it","tutorials/learner_language/data/LCorpus/it.rda",232,NA
"learner_language","readRDS","ns1","tutorials/learner_language/data/LCorpus/ns1.rda",225,NA
"learner_language","readRDS","ns2","tutorials/learner_language/data/LCorpus/ns2.rda",226,NA
"learner_language","readRDS","pl","tutorials/learner_language/data/LCorpus/pl.rda",233,NA
"learner_language","readRDS","ru","tutorials/learner_language/data/LCorpus/ru.rda",234,NA
"lexicography","data_folder_file","GrimmsFairytales.txt","data/GrimmsFairytales.txt",NA,53
"lexicography","data_folder_file","dad.rda","data/dad.rda",NA,18.2
"lexicography","data_folder_file","orwell.txt","data/orwell.txt",NA,522
"lexicography","data_folder_file","translation.txt","data/translation.txt",NA,6.5
"lexicography","inline_data.frame","englishtb","data.frame(...)  [line 575]",575,NA
"lexicography","inline_data.frame","germantb","data.frame(...)  [line 574]",574,NA
"lexicography","package_dataset","arrange","dplyr::arrange",241,NA
"lexicography","package_dataset","case_when","dplyr::case_when",272,NA
"lexicography","package_dataset","filter","dplyr::filter",236,NA
"lexicography","package_dataset","gather","tidyr::gather",652,NA
"lexicography","package_dataset","group_by","dplyr::group_by",239,NA
"lexicography","package_dataset","left_join","dplyr::left_join",288,NA
"lexicography","package_dataset","mutate","dplyr::mutate",270,NA
"lexicography","package_dataset","n","dplyr::n",240,NA
"lexicography","package_dataset","rename","dplyr::rename",375,NA
"lexicography","package_dataset","rowwise","dplyr::rowwise",697,NA
"lexicography","package_dataset","select","dplyr::select",221,NA
"lexicography","package_dataset","str_detect","stringr::str_detect",236,NA
"lexicography","package_dataset","str_remove_all","stringr::str_remove_all",569,NA
"lexicography","package_dataset","summarise","dplyr::summarise",240,NA
"lexicography","package_dataset","ungroup","dplyr::ungroup",663,NA
"lexicography","readLines","grimm","tutorials/lexicography/data/GrimmsFairytales.txt",775,NA
"lexicography","readLines","text","tutorials/lexicography/data/orwell.txt",195,NA
"lexicography","readLines","translations","tutorials/lexicography/data/translation.txt",545,NA
"lexicography","readRDS","degree_adverbs","tutorials/lexicography/data/dad.rda",373,NA
"litsty","data_folder_file","romeo.txt","data/romeo.txt",NA,1.6
"litsty","package_dataset","across","dplyr::across",620,NA
"litsty","package_dataset","arrange","dplyr::arrange",377,NA
"litsty","package_dataset","bind_rows","dplyr::bind_rows",231,NA
"litsty","package_dataset","count","dplyr::count",366,NA
"litsty","package_dataset","filter","dplyr::filter",239,NA
"litsty","package_dataset","group_by","dplyr::group_by",367,NA
"litsty","package_dataset","inner_join","dplyr::inner_join",749,NA
"litsty","package_dataset","left_join","dplyr::left_join",895,NA
"litsty","package_dataset","mutate","dplyr::mutate",232,NA
"litsty","package_dataset","n","dplyr::n",592,NA
"litsty","package_dataset","pivot_longer","tidyr::pivot_longer",1009,NA
"litsty","package_dataset","pivot_wider","tidyr::pivot_wider",1005,NA
"litsty","package_dataset","pull","dplyr::pull",488,NA
"litsty","package_dataset","rename","dplyr::rename",896,NA
"litsty","package_dataset","row_number","dplyr::row_number",444,NA
"litsty","package_dataset","select","dplyr::select",241,NA
"litsty","package_dataset","separate","tidyr::separate",842,NA
"litsty","package_dataset","slice_max","dplyr::slice_max",395,NA
"litsty","package_dataset","slice_sample","dplyr::slice_sample",680,NA
"litsty","package_dataset","str_count","stringr::str_count",527,NA
"litsty","package_dataset","str_detect","stringr::str_detect",571,NA
"litsty","package_dataset","str_extract","stringr::str_extract",1100,NA
"litsty","package_dataset","str_extract_all","stringr::str_extract_all",569,NA
"litsty","package_dataset","str_replace_all","stringr::str_replace_all",566,NA
"litsty","package_dataset","str_squish","stringr::str_squish",277,NA
"litsty","package_dataset","summarise","dplyr::summarise",276,NA
"litsty","package_dataset","ungroup","dplyr::ungroup",369,NA
"litsty","read.delim","romeo","tutorials/litsty/data/romeo.txt",1167,NA
"llm_privacy","data_folder_file","clinical_data.csv","data/clinical_data.csv",NA,1.5
"llm_privacy","data_folder_file","synthetic_clinical_data.csv","data/synthetic_clinical_data.csv",NA,0.6
"llm_privacy","data_folder_file","synthetic_transcript_example.cha","data/synthetic_transcript_example.cha",NA,1.9
"llm_privacy","data_folder_file","synthetic_transcripts/synthetic_dorothy.cha","data/synthetic_transcripts/synthetic_dorothy.cha",NA,2.4
"llm_privacy","data_folder_file","synthetic_transcripts/synthetic_margaret.cha","data/synthetic_transcripts/synthetic_margaret.cha",NA,2.3
"llm_privacy","data_folder_file","synthetic_transcripts/synthetic_robert.cha","data/synthetic_transcripts/synthetic_robert.cha",NA,1.7
"llm_privacy","package_dataset","str_remove","stringr::str_remove",732,NA
"llm_privacy","package_dataset","str_trim","stringr::str_trim",734,NA
"mixedmodel","data_call","mixed","data(mixed)",282,NA
"mixedmodel","data_call","speakers","data(speakers)",267,NA
"mixedmodel","data_folder_file","bld.rda","data/bld.rda",NA,17.4
"mixedmodel","data_folder_file","cld.rda","data/cld.rda",NA,2.6
"mixedmodel","data_folder_file","lmd.rda","data/lmd.rda",NA,5
"mixedmodel","data_folder_file","mbd.rda","data/mbd.rda",NA,6.8
"mixedmodel","data_folder_file","mld.rda","data/mld.rda",NA,0.7
"mixedmodel","data_folder_file","ord.rda","data/ord.rda",NA,2.4
"mixedmodel","data_folder_file","pict.rda","data/pict.rda",NA,6.3
"mixedmodel","data_folder_file","prd.rda","data/prd.rda",NA,1
"mixedmodel","data_folder_file","ratex.rda","data/ratex.rda",NA,2.8
"mixedmodel","data_folder_file","sgd.rda","data/sgd.rda",NA,0.2
"mixedmodel","data_folder_file","sld.rda","data/sld.rda",NA,5
"mixedmodel","inline_data.frame","diag_data","data.frame(...)  [line 1462]",1462,NA
"mixedmodel","inline_data.frame","diag_nb","data.frame(...)  [line 1541]",1541,NA
"mixedmodel","inline_data.frame","logd","data.frame(...)  [line 1095]",1095,NA
"mixedmodel","inline_data.frame","tb","data.frame(...)  [line 442]",442,NA
"mixedmodel","package_dataset","Anova","car::Anova",1437,NA
"mixedmodel","package_dataset","arrange","dplyr::arrange",1169,NA
"mixedmodel","package_dataset","group_by","dplyr::group_by",1394,NA
"mixedmodel","package_dataset","leveneTest","car::leveneTest",927,NA
"mixedmodel","package_dataset","mutate","dplyr::mutate",446,NA
"mixedmodel","package_dataset","mutate_if","dplyr::mutate_if",1387,NA
"mixedmodel","package_dataset","n","dplyr::n",1639,NA
"mixedmodel","package_dataset","select","dplyr::select",1386,NA
"mixedmodel","package_dataset","spread","tidyr::spread",1640,NA
"mixedmodel","package_dataset","summarise","dplyr::summarise",1639,NA
"mixedmodel","package_dataset","vif","car::vif",872,NA
"mixedmodel","readRDS","countdata","tutorials/regression/data/cld.rda",1381,NA
"mixedmodel","readRDS","lmmdata","tutorials/regression/data/lmd.rda",735,NA
"mixedmodel","readRDS","mblrdata","tutorials/regression/data/mbd.rda",1148,NA
"mixedmodel","readRDS","pict","tutorials/regression/data/pict.rda",1773,NA
"mixedmodel","readRDS","ratex","tutorials/regression/data/ratex.rda",1631,NA
"network_analysis","data_folder_file","romeo_tidy.txt","data/romeo_tidy.txt",NA,3.9
"network_analysis","package_dataset","across","dplyr::across",893,NA
"network_analysis","package_dataset","arrange","dplyr::arrange",737,NA
"network_analysis","package_dataset","case_when","dplyr::case_when",399,NA
"network_analysis","package_dataset","count","dplyr::count",1074,NA
"network_analysis","package_dataset","desc","dplyr::desc",737,NA
"network_analysis","package_dataset","filter","dplyr::filter",431,NA
"network_analysis","package_dataset","ggsave","ggplot2::ggsave",1523,NA
"network_analysis","package_dataset","group_by","dplyr::group_by",391,NA
"network_analysis","package_dataset","left_join","dplyr::left_join",883,NA
"network_analysis","package_dataset","mutate","dplyr::mutate",399,NA
"network_analysis","package_dataset","pivot_longer","tidyr::pivot_longer",421,NA
"network_analysis","package_dataset","pivot_wider","tidyr::pivot_wider",1075,NA
"network_analysis","package_dataset","rename","dplyr::rename",390,NA
"network_analysis","package_dataset","select","dplyr::select",568,NA
"network_analysis","package_dataset","summarise","dplyr::summarise",392,NA
"network_analysis","readRDS","ig_loaded","romeo_network.rds",1556,NA
"notebooks","package_dataset","filter","dplyr::filter",1873,NA
"notebooks","readLines","corpus","corpus.txt",917,NA
"ollamar","data_call","patient","data(patient)",147,NA
"ollamar","package_dataset","arrange","dplyr::arrange",1233,NA
"ollamar","package_dataset","bind_rows","dplyr::bind_rows",1345,NA
"ollamar","package_dataset","desc","dplyr::desc",1233,NA
"ollamar","package_dataset","mutate","dplyr::mutate",805,NA
"ollamar","package_dataset","select","dplyr::select",810,NA
"ollamar","package_dataset","str_extract","stringr::str_extract",924,NA
"pdf_to_text","data_folder_file","PDFs/pdf0.pdf","data/PDFs/pdf0.pdf",NA,169.1
"pdf_to_text","data_folder_file","PDFs/pdf0_1.png","data/PDFs/pdf0_1.png",NA,1343.9
"pdf_to_text","data_folder_file","PDFs/pdf1.pdf","data/PDFs/pdf1.pdf",NA,869.6
"pdf_to_text","data_folder_file","PDFs/pdf1_1.png","data/PDFs/pdf1_1.png",NA,2997.3
"pdf_to_text","data_folder_file","PDFs/pdf2.pdf","data/PDFs/pdf2.pdf",NA,242.6
"pdf_to_text","data_folder_file","PDFs/pdf2_1.png","data/PDFs/pdf2_1.png",NA,1865.3
"pdf_to_text","data_folder_file","PDFs/pdf3.pdf","data/PDFs/pdf3.pdf",NA,251.1
"pdf_to_text","data_folder_file","PDFs/pdf3_1.png","data/PDFs/pdf3_1.png",NA,1230.4
"pdf_to_text","data_folder_file","txts/pdf0.txt","data/txts/pdf0.txt",NA,14.7
"pdf_to_text","data_folder_file","txts/pdf1.txt","data/txts/pdf1.txt",NA,105.6
"pdf_to_text","data_folder_file","txts/pdf2.txt","data/txts/pdf2.txt",NA,31.2
"pdf_to_text","data_folder_file","txts/pdf3.txt","data/txts/pdf3.txt",NA,40.6
"pdf_to_text","inline_data.frame","page_df","data.frame(...)  [line 270]",270,NA
"pdf_to_text","inline_data.frame","suggestion_df","data.frame(...)  [line 705]",705,NA
"pdf_to_text","package_dataset","str_replace_all","stringr::str_replace_all",747,NA
"pdf_to_text","package_dataset","str_squish","stringr::str_squish",239,NA
"phylogenetic_methods","inline_data.frame","data_ABCD","data.frame(...)  [line 379]",379,NA
"phylogenetic_methods","read.csv","data_ABCD","my_data_file.csv",392,NA
"phylogenetic_methods","read.csv","my_dataframe","my_data_file.csv",648,NA
"pos_tagging","data_folder_file","dutch.txt","data/dutch.txt",NA,0.1
"pos_tagging","data_folder_file","german.txt","data/german.txt",NA,0.1
"pos_tagging","data_folder_file","spanish.txt","data/spanish.txt",NA,0.1
"pos_tagging","data_folder_file","testcorpus/linguistics01.txt","data/testcorpus/linguistics01.txt",NA,0.9
"pos_tagging","data_folder_file","testcorpus/linguistics02.txt","data/testcorpus/linguistics02.txt",NA,0.5
"pos_tagging","data_folder_file","testcorpus/linguistics03.txt","data/testcorpus/linguistics03.txt",NA,0.7
"pos_tagging","data_folder_file","testcorpus/linguistics04.txt","data/testcorpus/linguistics04.txt",NA,0.7
"pos_tagging","data_folder_file","testcorpus/linguistics05.txt","data/testcorpus/linguistics05.txt",NA,0.9
"pos_tagging","data_folder_file","testcorpus/linguistics06.txt","data/testcorpus/linguistics06.txt",NA,1.1
"pos_tagging","data_folder_file","testcorpus/linguistics07.txt","data/testcorpus/linguistics07.txt",NA,0.5
"pos_tagging","package_dataset","arrange","dplyr::arrange",585,NA
"pos_tagging","package_dataset","bind_rows","dplyr::bind_rows",583,NA
"pos_tagging","package_dataset","count","dplyr::count",606,NA
"pos_tagging","package_dataset","distinct","dplyr::distinct",922,NA
"pos_tagging","package_dataset","filter","dplyr::filter",568,NA
"pos_tagging","package_dataset","group_by","dplyr::group_by",627,NA
"pos_tagging","package_dataset","group_modify","dplyr::group_modify",628,NA
"pos_tagging","package_dataset","left_join","dplyr::left_join",917,NA
"pos_tagging","package_dataset","mutate","dplyr::mutate",584,NA
"pos_tagging","package_dataset","pivot_wider","tidyr::pivot_wider",1113,NA
"pos_tagging","package_dataset","select","dplyr::select",373,NA
"pos_tagging","package_dataset","slice_max","dplyr::slice_max",672,NA
"pos_tagging","package_dataset","str_squish","stringr::str_squish",363,NA
"pos_tagging","package_dataset","summarise","dplyr::summarise",1089,NA
"pos_tagging","package_dataset","transmute","dplyr::transmute",898,NA
"pos_tagging","package_dataset","ungroup","dplyr::ungroup",648,NA
"pos_tagging","readLines","esptext","tutorials/pos_tagging/data/spanish.txt",465,NA
"pos_tagging","readLines","gertext","tutorials/pos_tagging/data/german.txt",461,NA
"pos_tagging","readLines","text","tutorials/pos_tagging/data/testcorpus/linguistics06.txt",361,NA
"pos_tagging","readLines","text_cn","tutorials/pos_tagging/data/testcorpus/linguistics06.txt",754,NA
"power_analysis","data_call","captured","data(captured)",167,NA
"power_analysis","data_folder_file","regdat.rda","data/regdat.rda",NA,0.6
"power_analysis","inline_data.frame","dat","data.frame(...)  [line 444]",444,NA
"power_analysis","inline_data.frame","simdat","data.frame(...)  [line 1014]",1014,NA
"power_analysis","package_dataset","arrange","dplyr::arrange",1168,NA
"power_analysis","package_dataset","group_by","dplyr::group_by",448,NA
"power_analysis","package_dataset","mutate","dplyr::mutate",449,NA
"power_analysis","package_dataset","mutate_if","dplyr::mutate_if",1018,NA
"power_analysis","package_dataset","ungroup","dplyr::ungroup",454,NA
"power_analysis","readRDS","regdat","tutorials/power_analysis/data/regdat.rda",873,NA
"quant_basics","data_call","or","data(or)",1516,NA
"quant_basics","data_folder_file","data01.txt","data/data01.txt",NA,48.4
"quant_basics","inline_data.frame","dat","data.frame(...)  [line 1404]",1404,NA
"quant_basics","inline_data.frame","dat","data.frame(...)  [line 2074]",2074,NA
"quant_basics","inline_data.frame","designs","data.frame(...)  [line 725]",725,NA
"quant_basics","inline_data.frame","df","data.frame(...)  [line 1613]",1613,NA
"quant_basics","inline_data.frame","kur","data.frame(...)  [line 1923]",1923,NA
"quant_basics","inline_data.frame","skew","data.frame(...)  [line 1885]",1885,NA
"quant_basics","inline_data.frame","variabletb","data.frame(...)  [line 1241]",1241,NA
"quant_basics","inline_data.frame","zdf","data.frame(...)  [line 2003]",2003,NA
"quant_basics","package_dataset","filter","dplyr::filter",2227,NA
"quant_basics","package_dataset","mutate","dplyr::mutate",1405,NA
"quant_basics","package_dataset","relocate","dplyr::relocate",2028,NA
"quant_basics","package_dataset","rename","dplyr::rename",2226,NA
"quant_basics","package_dataset","select","dplyr::select",2225,NA
"quant_basics","read.delim","tdat","tutorials/quant_basics/data/data01.txt",2224,NA
"r_intro","data_folder_file","BiodataIceIreland.txt","data/BiodataIceIreland.txt",NA,88.8
"r_intro","data_folder_file","ICEIrelandSample.zip","data/ICEIrelandSample.zip",NA,500.8
"r_intro","data_folder_file","ICEIrelandSample/S1A-001.txt","data/ICEIrelandSample/S1A-001.txt",NA,13.2
"r_intro","data_folder_file","ICEIrelandSample/S1A-002.txt","data/ICEIrelandSample/S1A-002.txt",NA,17.9
"r_intro","data_folder_file","ICEIrelandSample/S1A-003.txt","data/ICEIrelandSample/S1A-003.txt",NA,17.2
"r_intro","data_folder_file","ICEIrelandSample/S1A-004.txt","data/ICEIrelandSample/S1A-004.txt",NA,15.9
"r_intro","data_folder_file","ICEIrelandSample/S1A-005.txt","data/ICEIrelandSample/S1A-005.txt",NA,13.8
"r_intro","data_folder_file","ICEIrelandSample/S1A-006.txt","data/ICEIrelandSample/S1A-006.txt",NA,17.2
"r_intro","data_folder_file","ICEIrelandSample/S1A-007.txt","data/ICEIrelandSample/S1A-007.txt",NA,16.4
"r_intro","data_folder_file","ICEIrelandSample/S1A-008.txt","data/ICEIrelandSample/S1A-008.txt",NA,14.6
"r_intro","data_folder_file","ICEIrelandSample/S1A-009.txt","data/ICEIrelandSample/S1A-009.txt",NA,11
"r_intro","data_folder_file","ICEIrelandSample/S1A-010.txt","data/ICEIrelandSample/S1A-010.txt",NA,12.1
"r_intro","data_folder_file","ICEIrelandSample/S1A-011.txt","data/ICEIrelandSample/S1A-011.txt",NA,12.7
"r_intro","data_folder_file","ICEIrelandSample/S1A-012.txt","data/ICEIrelandSample/S1A-012.txt",NA,13.4
"r_intro","data_folder_file","ICEIrelandSample/S1A-013.txt","data/ICEIrelandSample/S1A-013.txt",NA,13.9
"r_intro","data_folder_file","ICEIrelandSample/S1A-014.txt","data/ICEIrelandSample/S1A-014.txt",NA,16.9
"r_intro","data_folder_file","ICEIrelandSample/S1A-015.txt","data/ICEIrelandSample/S1A-015.txt",NA,15.9
"r_intro","data_folder_file","ICEIrelandSample/S1A-016.txt","data/ICEIrelandSample/S1A-016.txt",NA,14.9
"r_intro","data_folder_file","ICEIrelandSample/S1A-017.txt","data/ICEIrelandSample/S1A-017.txt",NA,14.5
"r_intro","data_folder_file","ICEIrelandSample/S1A-018.txt","data/ICEIrelandSample/S1A-018.txt",NA,17
"r_intro","data_folder_file","ICEIrelandSample/S1A-019.txt","data/ICEIrelandSample/S1A-019.txt",NA,14.5
"r_intro","data_folder_file","ICEIrelandSample/S1A-020.txt","data/ICEIrelandSample/S1A-020.txt",NA,14.4
"r_intro","data_folder_file","ICEIrelandSample/S1A-021.txt","data/ICEIrelandSample/S1A-021.txt",NA,12.3
"r_intro","data_folder_file","ICEIrelandSample/S1A-022.txt","data/ICEIrelandSample/S1A-022.txt",NA,15.6
"r_intro","data_folder_file","ICEIrelandSample/S1A-023.txt","data/ICEIrelandSample/S1A-023.txt",NA,16.8
"r_intro","data_folder_file","ICEIrelandSample/S1A-024.txt","data/ICEIrelandSample/S1A-024.txt",NA,16
"r_intro","data_folder_file","ICEIrelandSample/S1A-025.txt","data/ICEIrelandSample/S1A-025.txt",NA,15.4
"r_intro","data_folder_file","ICEIrelandSample/S1A-026.txt","data/ICEIrelandSample/S1A-026.txt",NA,13.5
"r_intro","data_folder_file","ICEIrelandSample/S1A-027.txt","data/ICEIrelandSample/S1A-027.txt",NA,14.4
"r_intro","data_folder_file","ICEIrelandSample/S1A-028.txt","data/ICEIrelandSample/S1A-028.txt",NA,14.1
"r_intro","data_folder_file","ICEIrelandSample/S1A-029.txt","data/ICEIrelandSample/S1A-029.txt",NA,14.7
"r_intro","data_folder_file","ICEIrelandSample/S1A-030.txt","data/ICEIrelandSample/S1A-030.txt",NA,15.8
"r_intro","data_folder_file","ICEIrelandSample/S1A-031.txt","data/ICEIrelandSample/S1A-031.txt",NA,15.8
"r_intro","data_folder_file","ICEIrelandSample/S1A-032.txt","data/ICEIrelandSample/S1A-032.txt",NA,15.3
"r_intro","data_folder_file","ICEIrelandSample/S1A-033.txt","data/ICEIrelandSample/S1A-033.txt",NA,16.1
"r_intro","data_folder_file","ICEIrelandSample/S1A-034.txt","data/ICEIrelandSample/S1A-034.txt",NA,15.7
"r_intro","data_folder_file","ICEIrelandSample/S1A-035.txt","data/ICEIrelandSample/S1A-035.txt",NA,14.6
"r_intro","data_folder_file","ICEIrelandSample/S1A-036.txt","data/ICEIrelandSample/S1A-036.txt",NA,14.9
"r_intro","data_folder_file","ICEIrelandSample/S1A-037.txt","data/ICEIrelandSample/S1A-037.txt",NA,16.1
"r_intro","data_folder_file","ICEIrelandSample/S1A-038.txt","data/ICEIrelandSample/S1A-038.txt",NA,14.5
"r_intro","data_folder_file","ICEIrelandSample/S1A-039.txt","data/ICEIrelandSample/S1A-039.txt",NA,13.8
"r_intro","data_folder_file","ICEIrelandSample/S1A-040.txt","data/ICEIrelandSample/S1A-040.txt",NA,8.5
"r_intro","data_folder_file","ICEIrelandSample/S1A-041.txt","data/ICEIrelandSample/S1A-041.txt",NA,16.6
"r_intro","data_folder_file","ICEIrelandSample/S1A-042.txt","data/ICEIrelandSample/S1A-042.txt",NA,13.4
"r_intro","data_folder_file","ICEIrelandSample/S1A-043.txt","data/ICEIrelandSample/S1A-043.txt",NA,13.6
"r_intro","data_folder_file","ICEIrelandSample/S1A-044.txt","data/ICEIrelandSample/S1A-044.txt",NA,11.8
"r_intro","data_folder_file","ICEIrelandSample/S1A-045.txt","data/ICEIrelandSample/S1A-045.txt",NA,14.5
"r_intro","data_folder_file","ICEIrelandSample/S1A-046.txt","data/ICEIrelandSample/S1A-046.txt",NA,12.8
"r_intro","data_folder_file","ICEIrelandSample/S1A-047.txt","data/ICEIrelandSample/S1A-047.txt",NA,14.5
"r_intro","data_folder_file","ICEIrelandSample/S1A-048.txt","data/ICEIrelandSample/S1A-048.txt",NA,13.4
"r_intro","data_folder_file","ICEIrelandSample/S1A-049.txt","data/ICEIrelandSample/S1A-049.txt",NA,16
"r_intro","data_folder_file","ICEIrelandSample/S1A-050.txt","data/ICEIrelandSample/S1A-050.txt",NA,16.5
"r_intro","data_folder_file","ICEIrelandSample/S1A-051.txt","data/ICEIrelandSample/S1A-051.txt",NA,16
"r_intro","data_folder_file","ICEIrelandSample/S1A-052 Buttermilk.txt","data/ICEIrelandSample/S1A-052 Buttermilk.txt",NA,14.5
"r_intro","data_folder_file","ICEIrelandSample/S1A-053 Student grants 1.txt","data/ICEIrelandSample/S1A-053 Student grants 1.txt",NA,15
"r_intro","data_folder_file","ICEIrelandSample/S1A-054 Student grants 2.txt","data/ICEIrelandSample/S1A-054 Student grants 2.txt",NA,12.8
"r_intro","data_folder_file","ICEIrelandSample/S1A-055 Hospitals.txt","data/ICEIrelandSample/S1A-055 Hospitals.txt",NA,18.1
"r_intro","data_folder_file","ICEIrelandSample/S1A-056 Holistic medicine 1.txt","data/ICEIrelandSample/S1A-056 Holistic medicine 1.txt",NA,14
"r_intro","data_folder_file","ICEIrelandSample/S1A-057 Studying 2.txt","data/ICEIrelandSample/S1A-057 Studying 2.txt",NA,13
"r_intro","data_folder_file","ICEIrelandSample/S1A-058 Holistic medicine 2.txt","data/ICEIrelandSample/S1A-058 Holistic medicine 2.txt",NA,14.7
"r_intro","data_folder_file","ICEIrelandSample/S1A-059 Glasses 1.txt","data/ICEIrelandSample/S1A-059 Glasses 1.txt",NA,13.3
"r_intro","data_folder_file","ICEIrelandSample/S1A-060 Glasses 2.txt","data/ICEIrelandSample/S1A-060 Glasses 2.txt",NA,11.3
"r_intro","data_folder_file","ICEIrelandSample/S1A-061 Modern man.txt","data/ICEIrelandSample/S1A-061 Modern man.txt",NA,13.5
"r_intro","data_folder_file","ICEIrelandSample/S1A-062 America trip 1.txt","data/ICEIrelandSample/S1A-062 America trip 1.txt",NA,14.1
"r_intro","data_folder_file","ICEIrelandSample/S1A-063 Shoes.txt","data/ICEIrelandSample/S1A-063 Shoes.txt",NA,14.4
"r_intro","data_folder_file","ICEIrelandSample/S1A-064 O'Connell Street.txt","data/ICEIrelandSample/S1A-064 O'Connell Street.txt",NA,9.4
"r_intro","data_folder_file","ICEIrelandSample/S1A-065 America trip 2.txt","data/ICEIrelandSample/S1A-065 America trip 2.txt",NA,17.4
"r_intro","data_folder_file","ICEIrelandSample/S1A-066 Radio music.txt","data/ICEIrelandSample/S1A-066 Radio music.txt",NA,15.5
"r_intro","data_folder_file","ICEIrelandSample/S1A-067 Apprenticeship.txt","data/ICEIrelandSample/S1A-067 Apprenticeship.txt",NA,15.2
"r_intro","data_folder_file","ICEIrelandSample/S1A-068 Rock bands.txt","data/ICEIrelandSample/S1A-068 Rock bands.txt",NA,14.5
"r_intro","data_folder_file","ICEIrelandSample/S1A-069 Christmas trees.txt","data/ICEIrelandSample/S1A-069 Christmas trees.txt",NA,15.6
"r_intro","data_folder_file","ICEIrelandSample/S1A-070 Friends.txt","data/ICEIrelandSample/S1A-070 Friends.txt",NA,14.9
"r_intro","data_folder_file","ICEIrelandSample/S1A-071 Elocution.txt","data/ICEIrelandSample/S1A-071 Elocution.txt",NA,15.9
"r_intro","data_folder_file","ICEIrelandSample/S1A-072 Driver's licence.txt","data/ICEIrelandSample/S1A-072 Driver's licence.txt",NA,17.7
"r_intro","data_folder_file","ICEIrelandSample/S1A-073 Politics.txt","data/ICEIrelandSample/S1A-073 Politics.txt",NA,16.9
"r_intro","data_folder_file","ICEIrelandSample/S1A-074 Local shops.txt","data/ICEIrelandSample/S1A-074 Local shops.txt",NA,16
"r_intro","data_folder_file","ICEIrelandSample/S1A-075 Present.txt","data/ICEIrelandSample/S1A-075 Present.txt",NA,17.6
"r_intro","data_folder_file","ICEIrelandSample/S1A-076 Boyfriends 2.txt","data/ICEIrelandSample/S1A-076 Boyfriends 2.txt",NA,15
"r_intro","data_folder_file","ICEIrelandSample/S1A-077 Books.txt","data/ICEIrelandSample/S1A-077 Books.txt",NA,16.8
"r_intro","data_folder_file","ICEIrelandSample/S1A-078 Medical project.txt","data/ICEIrelandSample/S1A-078 Medical project.txt",NA,15.2
"r_intro","data_folder_file","ICEIrelandSample/S1A-079 Driving.txt","data/ICEIrelandSample/S1A-079 Driving.txt",NA,14.6
"r_intro","data_folder_file","ICEIrelandSample/S1A-080 Motorbikes.txt","data/ICEIrelandSample/S1A-080 Motorbikes.txt",NA,15.7
"r_intro","data_folder_file","ICEIrelandSample/S1A-081 Croke Park.txt","data/ICEIrelandSample/S1A-081 Croke Park.txt",NA,17
"r_intro","data_folder_file","ICEIrelandSample/S1A-082 Kissogram.txt","data/ICEIrelandSample/S1A-082 Kissogram.txt",NA,17.6
"r_intro","data_folder_file","ICEIrelandSample/S1A-083 Donkey story.txt","data/ICEIrelandSample/S1A-083 Donkey story.txt",NA,15.5
"r_intro","data_folder_file","ICEIrelandSample/S1A-084 General election.txt","data/ICEIrelandSample/S1A-084 General election.txt",NA,16.4
"r_intro","data_folder_file","ICEIrelandSample/S1A-085 Birthday cake.txt","data/ICEIrelandSample/S1A-085 Birthday cake.txt",NA,15.8
"r_intro","data_folder_file","ICEIrelandSample/S1A-086 Baby.txt","data/ICEIrelandSample/S1A-086 Baby.txt",NA,16.3
"r_intro","data_folder_file","ICEIrelandSample/S1A-087 Line dancing.txt","data/ICEIrelandSample/S1A-087 Line dancing.txt",NA,16
"r_intro","data_folder_file","ICEIrelandSample/S1A-088 Therapy inaugural.txt","data/ICEIrelandSample/S1A-088 Therapy inaugural.txt",NA,16.5
"r_intro","data_folder_file","ICEIrelandSample/S1A-089 American men.txt","data/ICEIrelandSample/S1A-089 American men.txt",NA,16.6
"r_intro","data_folder_file","ICEIrelandSample/S1A-090 Designer clothes.txt","data/ICEIrelandSample/S1A-090 Designer clothes.txt",NA,13.9
"r_intro","data_folder_file","ICEIrelandSample/S1A-091 Haircut - Mortgage.txt","data/ICEIrelandSample/S1A-091 Haircut - Mortgage.txt",NA,16.2
"r_intro","data_folder_file","ICEIrelandSample/S1A-092 Househunting.txt","data/ICEIrelandSample/S1A-092 Househunting.txt",NA,13.9
"r_intro","data_folder_file","ICEIrelandSample/S1A-093 Motorbikes.txt","data/ICEIrelandSample/S1A-093 Motorbikes.txt",NA,14.2
"r_intro","data_folder_file","ICEIrelandSample/S1A-094 Health.txt","data/ICEIrelandSample/S1A-094 Health.txt",NA,15.7
"r_intro","data_folder_file","ICEIrelandSample/S1A-095 Strep infection.txt","data/ICEIrelandSample/S1A-095 Strep infection.txt",NA,13.9
"r_intro","data_folder_file","ICEIrelandSample/S1A-096 Sisters 1.txt","data/ICEIrelandSample/S1A-096 Sisters 1.txt",NA,13.5
"r_intro","data_folder_file","ICEIrelandSample/S1A-097 Sisters 2.txt","data/ICEIrelandSample/S1A-097 Sisters 2.txt",NA,15.5
"r_intro","data_folder_file","ICEIrelandSample/S1A-098 Bad weather.txt","data/ICEIrelandSample/S1A-098 Bad weather.txt",NA,14.8
"r_intro","data_folder_file","ICEIrelandSample/S1A-099 Dresses.txt","data/ICEIrelandSample/S1A-099 Dresses.txt",NA,13.4
"r_intro","data_folder_file","ICEIrelandSample/S1A-100 College plans.txt","data/ICEIrelandSample/S1A-100 College plans.txt",NA,13
"r_intro","data_folder_file","ICEdata.xlsx","data/ICEdata.xlsx",NA,73.5
"r_intro","data_folder_file","Trump.rda","data/Trump.rda",NA,294.6
"r_intro","data_folder_file","exercisedata.txt","data/exercisedata.txt",NA,0.5
"r_intro","data_folder_file","icebio.txt","data/icebio.txt",NA,113.4
"r_intro","data_folder_file","lmmdata.txt","data/lmmdata.txt",NA,19.2
"r_intro","data_folder_file","testcorpus.zip","data/testcorpus.zip",NA,4.3
"r_intro","data_folder_file","testcorpus/linguistics01.txt","data/testcorpus/linguistics01.txt",NA,0.9
"r_intro","data_folder_file","testcorpus/linguistics02.txt","data/testcorpus/linguistics02.txt",NA,0.5
"r_intro","data_folder_file","testcorpus/linguistics03.txt","data/testcorpus/linguistics03.txt",NA,0.7
"r_intro","data_folder_file","testcorpus/linguistics04.txt","data/testcorpus/linguistics04.txt",NA,0.7
"r_intro","data_folder_file","testcorpus/linguistics05.txt","data/testcorpus/linguistics05.txt",NA,0.9
"r_intro","data_folder_file","testcorpus/linguistics06.txt","data/testcorpus/linguistics06.txt",NA,1.1
"r_intro","data_folder_file","testcorpus/linguistics07.txt","data/testcorpus/linguistics07.txt",NA,0.5
"r_intro","data_folder_file","text2.txt","data/text2.txt",NA,3.9
"r_intro","inline_data.frame","lex_data","data.frame(...)  [line 1037]",1037,NA
"r_intro","inline_data.frame","speakers","data.frame(...)  [line 721]",721,NA
"r_intro","package_dataset","arrange","dplyr::arrange",1092,NA
"r_intro","package_dataset","count","dplyr::count",1115,NA
"r_intro","package_dataset","drop_na","tidyr::drop_na",1131,NA
"r_intro","package_dataset","filter","dplyr::filter",908,NA
"r_intro","package_dataset","group_by","dplyr::group_by",988,NA
"r_intro","package_dataset","mutate","dplyr::mutate",988,NA
"r_intro","package_dataset","rename","dplyr::rename",1106,NA
"r_intro","package_dataset","select","dplyr::select",912,NA
"r_intro","package_dataset","summarise","dplyr::summarise",988,NA
"r_intro","read.csv","data.csv","data.csv",1412,NA
"r_intro","read.csv","my_data","data/my_file.csv",997,NA
"r_reproducibility","data_call","treat","data(treat)",231,NA
"r_reproducibility","data_folder_file","lmm.rda","data/lmm.rda",NA,5.2
"r_reproducibility","data_folder_file","lmm_out.rda","data/lmm_out.rda",NA,5.2
"r_reproducibility","data_folder_file","lmmdat.rda","data/lmmdat.rda",NA,1.5
"r_reproducibility","data_folder_file","lmmdata.txt","data/lmmdata.txt",NA,19.2
"r_reproducibility","inline_data.frame","corpus_summary","data.frame(...)  [line 387]",387,NA
"r_reproducibility","inline_data.frame","demo_data","data.frame(...)  [line 1079]",1079,NA
"r_reproducibility","inline_data.frame","life_exp","data.frame(...)  [line 923]",923,NA
"r_reproducibility","package_dataset","aes","ggplot2::aes",985,NA
"r_reproducibility","package_dataset","coord_flip","ggplot2::coord_flip",989,NA
"r_reproducibility","package_dataset","element_blank","ggplot2::element_blank",991,NA
"r_reproducibility","package_dataset","filter","dplyr::filter",400,NA
"r_reproducibility","package_dataset","geom_col","ggplot2::geom_col",987,NA
"r_reproducibility","package_dataset","ggplot","ggplot2::ggplot",973,NA
"r_reproducibility","package_dataset","group_by","dplyr::group_by",401,NA
"r_reproducibility","package_dataset","labs","ggplot2::labs",992,NA
"r_reproducibility","package_dataset","n","dplyr::n",420,NA
"r_reproducibility","package_dataset","pivot_longer","tidyr::pivot_longer",950,NA
"r_reproducibility","package_dataset","rename","dplyr::rename",308,NA
"r_reproducibility","package_dataset","scale_fill_manual","ggplot2::scale_fill_manual",988,NA
"r_reproducibility","package_dataset","separate","tidyr::separate",1014,NA
"r_reproducibility","package_dataset","summarise","dplyr::summarise",402,NA
"r_reproducibility","package_dataset","theme","ggplot2::theme",991,NA
"r_reproducibility","package_dataset","theme_bw","ggplot2::theme_bw",990,NA
"r_reproducibility","package_dataset","ungroup","dplyr::ungroup",421,NA
"r_reproducibility","read.csv","data","data/processed/corpus.csv",775,NA
"readability","inline_data.frame","news_scores","data.frame(...)  [line 499]",499,NA
"readability","package_dataset","pivot_longer","tidyr::pivot_longer",812,NA
"regression","data_folder_file","bld.rda","data/bld.rda",NA,17.4
"regression","data_folder_file","cld.rda","data/cld.rda",NA,2.6
"regression","data_folder_file","lmd.rda","data/lmd.rda",NA,5
"regression","data_folder_file","mbd.rda","data/mbd.rda",NA,6.8
"regression","data_folder_file","mld.rda","data/mld.rda",NA,0.7
"regression","data_folder_file","ord.rda","data/ord.rda",NA,2.4
"regression","data_folder_file","pict.rda","data/pict.rda",NA,6.3
"regression","data_folder_file","prd.rda","data/prd.rda",NA,1
"regression","data_folder_file","ratex.rda","data/ratex.rda",NA,2.8
"regression","data_folder_file","sgd.rda","data/sgd.rda",NA,0.2
"regression","data_folder_file","sld.rda","data/sld.rda",NA,5
"regression","inline_data.frame","logdata","data.frame(...)  [line 678]",678,NA
"regression","inline_data.frame","mlrdata","data.frame(...)  [line 442]",442,NA
"regression","inline_data.frame","orddata","data.frame(...)  [line 1043]",1043,NA
"regression","inline_data.frame","poissondata","data.frame(...)  [line 1294]",1294,NA
"regression","inline_data.frame","slrdata","data.frame(...)  [line 223]",223,NA
"regression","inline_data.frame","weights_df","data.frame(...)  [line 1394]",1394,NA
"regression","package_dataset","Anova","car::Anova",790,NA
"regression","package_dataset","glm.nb","MASS::glm.nb",1336,NA
"regression","package_dataset","goodfit","vcd::goodfit",1309,NA
"regression","package_dataset","mutate","dplyr::mutate",248,NA
"regression","package_dataset","polr","MASS::polr",1117,NA
"regression","package_dataset","select","dplyr::select",694,NA
"regression","package_dataset","vif","car::vif",514,NA
"regression","readRDS","logdata","data/bld.rda",671,NA
"regression","readRDS","mlrdata","data/mld.rda",427,NA
"regression","readRDS","orddata","data/ord.rda",1036,NA
"regression","readRDS","poissondata","data/prd.rda",1288,NA
"regression","readRDS","robustdata","data/mld_outliers.rda",1362,NA
"regression","readRDS","slrdata","data/sld.rda",216,NA
"regression_concepts","inline_data.frame","df_geom","data.frame(...)  [line 198]",198,NA
"regression_concepts","package_dataset","mutate","dplyr::mutate",199,NA
"regular_expressions","data_folder_file","testcorpus/linguistics01.txt","data/testcorpus/linguistics01.txt",NA,0.9
"regular_expressions","data_folder_file","testcorpus/linguistics02.txt","data/testcorpus/linguistics02.txt",NA,0.5
"regular_expressions","data_folder_file","testcorpus/linguistics03.txt","data/testcorpus/linguistics03.txt",NA,0.7
"regular_expressions","data_folder_file","testcorpus/linguistics04.txt","data/testcorpus/linguistics04.txt",NA,0.7
"regular_expressions","data_folder_file","testcorpus/linguistics05.txt","data/testcorpus/linguistics05.txt",NA,0.9
"regular_expressions","data_folder_file","testcorpus/linguistics06.txt","data/testcorpus/linguistics06.txt",NA,1.1
"regular_expressions","data_folder_file","testcorpus/linguistics07.txt","data/testcorpus/linguistics07.txt",NA,0.5
"regular_expressions","inline_data.frame","corpus","data.frame(...)  [line 814]",814,NA
"regular_expressions","package_dataset","arrange","dplyr::arrange",860,NA
"regular_expressions","package_dataset","desc","dplyr::desc",860,NA
"regular_expressions","package_dataset","filter","dplyr::filter",836,NA
"regular_expressions","package_dataset","mutate","dplyr::mutate",843,NA
"regular_expressions","package_dataset","select","dplyr::select",837,NA
"regular_expressions","package_dataset","str_detect","stringr::str_detect",1037,NA
"reinforcement_nlp","package_dataset","anti_join","dplyr::anti_join",205,NA
"reinforcement_nlp","package_dataset","mutate","dplyr::mutate",187,NA
"reinforcement_nlp","package_dataset","select","dplyr::select",188,NA
"reproducibility","data_call","if","data(if)",662,NA
"reproducibility","data_call","removing","data(removing)",902,NA
"reproducibility","data_call","source","data(source)",527,NA
"reproducibility","data_call","that","data(that)",240,NA
"reproducibility","data_folder_file","lmm.rda","data/lmm.rda",NA,5.2
"reproducibility","data_folder_file","lmm_out.rda","data/lmm_out.rda",NA,5.2
"reproducibility","data_folder_file","lmmdat.rda","data/lmmdat.rda",NA,1.5
"reproducibility","data_folder_file","lmmdata.txt","data/lmmdata.txt",NA,19.2
"reproducibility","read_csv","data","../data/processed/survey_clean.csv",595,NA
"semantic_vectors","data_call","stop_words","data(stop_words)",1049,NA
"semantic_vectors","data_folder_file","vsmdata.txt","data/vsmdata.txt",NA,46.8
"semantic_vectors","inline_data.frame","cmp_df","data.frame(...)  [line 1372]",1372,NA
"semantic_vectors","inline_data.frame","comp_df","data.frame(...)  [line 873]",873,NA
"semantic_vectors","inline_data.frame","df_arrows","data.frame(...)  [line 502]",502,NA
"semantic_vectors","inline_data.frame","domain_annotation","data.frame(...)  [line 1159]",1159,NA
"semantic_vectors","inline_data.frame","sil_df","data.frame(...)  [line 620]",620,NA
"semantic_vectors","inline_data.frame","sil_emo_df","data.frame(...)  [line 1214]",1214,NA
"semantic_vectors","inline_data.frame","tsne_df","data.frame(...)  [line 960]",960,NA
"semantic_vectors","inline_data.frame","tsne_emo_df","data.frame(...)  [line 1407]",1407,NA
"semantic_vectors","inline_data.frame","umap_df","data.frame(...)  [line 998]",998,NA
"semantic_vectors","package_dataset","anti_join","dplyr::anti_join",1057,NA
"semantic_vectors","package_dataset","arrange","dplyr::arrange",1142,NA
"semantic_vectors","package_dataset","case_when","dplyr::case_when",1160,NA
"semantic_vectors","package_dataset","count","dplyr::count",328,NA
"semantic_vectors","package_dataset","filter","dplyr::filter",327,NA
"semantic_vectors","package_dataset","group_by","dplyr::group_by",348,NA
"semantic_vectors","package_dataset","mutate","dplyr::mutate",349,NA
"semantic_vectors","package_dataset","n","dplyr::n",349,NA
"semantic_vectors","package_dataset","pivot_wider","tidyr::pivot_wider",1113,NA
"semantic_vectors","package_dataset","pull","dplyr::pull",1322,NA
"semantic_vectors","package_dataset","regex","stringr::regex",1053,NA
"semantic_vectors","package_dataset","rename","dplyr::rename",760,NA
"semantic_vectors","package_dataset","select","dplyr::select",353,NA
"semantic_vectors","package_dataset","str_detect","stringr::str_detect",1052,NA
"semantic_vectors","package_dataset","str_length","stringr::str_length",1059,NA
"semantic_vectors","package_dataset","str_replace_all","stringr::str_replace_all",1324,NA
"semantic_vectors","package_dataset","str_squish","stringr::str_squish",1325,NA
"semantic_vectors","package_dataset","ungroup","dplyr::ungroup",350,NA
"semantic_vectors","read.delim","vsmdata","tutorials/semantic_vectors/data/vsmdata.txt",304,NA
"sentiment","data_folder_file","lovecraftcolor.rda","data/lovecraftcolor.rda",NA,26.4
"sentiment","data_folder_file","nrc.rda","data/nrc.rda",NA,45.2
"sentiment","data_folder_file","origindarwin.rda","data/origindarwin.rda",NA,419.8
"sentiment","data_folder_file","orwell.rda","data/orwell.rda",NA,196.1
"sentiment","data_folder_file","twainhuckfinn.rda","data/twainhuckfinn.rda",NA,222.7
"sentiment","package_dataset","anti_join","dplyr::anti_join",281,NA
"sentiment","package_dataset","arrange","dplyr::arrange",590,NA
"sentiment","package_dataset","count","dplyr::count",564,NA
"sentiment","package_dataset","filter","dplyr::filter",285,NA
"sentiment","package_dataset","group_by","dplyr::group_by",342,NA
"sentiment","package_dataset","left_join","dplyr::left_join",346,NA
"sentiment","package_dataset","mutate","dplyr::mutate",279,NA
"sentiment","package_dataset","pivot_wider","tidyr::pivot_wider",634,NA
"sentiment","package_dataset","reframe","dplyr::reframe",868,NA
"sentiment","package_dataset","select","dplyr::select",277,NA
"sentiment","package_dataset","slice_head","dplyr::slice_head",993,NA
"sentiment","package_dataset","slice_max","dplyr::slice_max",589,NA
"sentiment","package_dataset","str_remove_all","stringr::str_remove_all",283,NA
"sentiment","package_dataset","str_replace_all","stringr::str_replace_all",986,NA
"sentiment","package_dataset","str_split","stringr::str_split",272,NA
"sentiment","package_dataset","str_squish","stringr::str_squish",270,NA
"sentiment","package_dataset","summarise","dplyr::summarise",410,NA
"sentiment","package_dataset","summarize","dplyr::summarize",773,NA
"sentiment","package_dataset","top_n","dplyr::top_n",566,NA
"sentiment","package_dataset","ungroup","dplyr::ungroup",569,NA
"speechprocessing","data_folder_file","sample.wav","data/sample.wav",NA,12695.4
"speechprocessing","inline_data.frame","sections","data.frame(...)  [line 532]",532,NA
"speechprocessing","package_dataset","count","dplyr::count",966,NA
"speechprocessing","package_dataset","filter","dplyr::filter",528,NA
"speechprocessing","package_dataset","group_by","dplyr::group_by",975,NA
"speechprocessing","package_dataset","mutate","dplyr::mutate",970,NA
"speechprocessing","package_dataset","n","dplyr::n",977,NA
"speechprocessing","package_dataset","pull","dplyr::pull",986,NA
"speechprocessing","package_dataset","select","dplyr::select",683,NA
"speechprocessing","package_dataset","slice","dplyr::slice",1182,NA
"speechprocessing","package_dataset","str_detect","stringr::str_detect",1028,NA
"speechprocessing","package_dataset","str_replace_all","stringr::str_replace_all",1026,NA
"speechprocessing","package_dataset","str_split","stringr::str_split",1041,NA
"speechprocessing","package_dataset","str_trim","stringr::str_trim",1024,NA
"speechprocessing","package_dataset","summarise","dplyr::summarise",976,NA
"speechprocessing","package_dataset","transmute","dplyr::transmute",742,NA
"spellcheck","data_folder_file","tx1.rda","data/tx1.rda",NA,0.3
"spellcheck","data_folder_file","tx2.rda","data/tx2.rda",NA,0.3
"spellcheck","data_folder_file","tx3.rda","data/tx3.rda",NA,0.5
"spellcheck","data_folder_file","tx4.rda","data/tx4.rda",NA,0.1
"spellcheck","package_dataset","case_when","dplyr::case_when",283,NA
"spellcheck","package_dataset","mutate","dplyr::mutate",224,NA
"spellcheck","package_dataset","n","dplyr::n",316,NA
"spellcheck","package_dataset","relocate","dplyr::relocate",228,NA
"spellcheck","package_dataset","rename","dplyr::rename",222,NA
"spellcheck","package_dataset","str_remove_all","stringr::str_remove_all",257,NA
"spellcheck","package_dataset","str_replace_all","stringr::str_replace_all",341,NA
"spellcheck","package_dataset","summarise","dplyr::summarise",315,NA
"spellcheck","readRDS","exampletext","tutorials/spellcheck/data/tx1.rda",181,NA
"string","data_call","POS","data(POS)",584,NA
"string","data_folder_file","testcorpus/linguistics01.txt","data/testcorpus/linguistics01.txt",NA,0.9
"string","data_folder_file","testcorpus/linguistics02.txt","data/testcorpus/linguistics02.txt",NA,0.5
"string","data_folder_file","testcorpus/linguistics03.txt","data/testcorpus/linguistics03.txt",NA,0.7
"string","data_folder_file","testcorpus/linguistics04.txt","data/testcorpus/linguistics04.txt",NA,0.7
"string","data_folder_file","testcorpus/linguistics05.txt","data/testcorpus/linguistics05.txt",NA,0.9
"string","data_folder_file","testcorpus/linguistics06.txt","data/testcorpus/linguistics06.txt",NA,1.1
"string","data_folder_file","testcorpus/linguistics07.txt","data/testcorpus/linguistics07.txt",NA,0.5
"string","data_folder_file","tx1.rda","data/tx1.rda",NA,0.3
"string","data_folder_file","tx2.rda","data/tx2.rda",NA,0.3
"string","data_folder_file","tx3.rda","data/tx3.rda",NA,0.5
"string","data_folder_file","tx4.rda","data/tx4.rda",NA,0.1
"string","inline_data.frame","anno_df","data.frame(...)  [line 620]",620,NA
"string","inline_data.frame","anno_df","data.frame(...)  [line 1034]",1034,NA
"string","inline_data.frame","participants","data.frame(...)  [line 489]",489,NA
"string","inline_data.frame","results_df","data.frame(...)  [line 509]",509,NA
"string","inline_data.frame","rt_df","data.frame(...)  [line 654]",654,NA
"string","inline_data.frame","word_freqs","data.frame(...)  [line 393]",393,NA
"string","package_dataset","mutate","dplyr::mutate",401,NA
"string","package_dataset","pull","dplyr::pull",408,NA
"string","package_dataset","str_conv","stringr::str_conv",799,NA
"string","package_dataset","str_remove_all","stringr::str_remove_all",1223,NA
"string","package_dataset","str_trim","stringr::str_trim",1230,NA
"string","readRDS","additionaltext","tutorials/string/data/tx3.rda",176,NA
"string","readRDS","exampletext","tutorials/string/data/tx1.rda",170,NA
"string","readRDS","sentences","tutorials/string/data/tx4.rda",179,NA
"string","readRDS","splitexampletext","tutorials/string/data/tx2.rda",173,NA
"structural_equations","inline_data.frame","semdata","data.frame(...)  [line 223]",223,NA
"structural_equations","package_dataset","case_when","dplyr::case_when",719,NA
"structural_equations","package_dataset","filter","dplyr::filter",456,NA
"structural_equations","package_dataset","mutate","dplyr::mutate",460,NA
"structural_equations","package_dataset","pivot_longer","tidyr::pivot_longer",364,NA
"structural_equations","package_dataset","rename","dplyr::rename",1036,NA
"structural_equations","package_dataset","select","dplyr::select",324,NA
"surveys","data_folder_file","lid.rda","data/lid.rda",NA,0.2
"surveys","data_folder_file","oda.rda","data/oda.rda",NA,2.4
"surveys","data_folder_file","sdd.rda","data/sdd.rda",NA,0.9
"surveys","data_folder_file","sud.rda","data/sud.rda",NA,0.4
"surveys","inline_data.frame","response","data.frame(...)  [line 382]",382,NA
"surveys","package_dataset","across","dplyr::across",845,NA
"surveys","package_dataset","arrange","dplyr::arrange",700,NA
"surveys","package_dataset","drop_na","tidyr::drop_na",848,NA
"surveys","package_dataset","group_by","dplyr::group_by",673,NA
"surveys","package_dataset","mutate","dplyr::mutate",675,NA
"surveys","package_dataset","n","dplyr::n",674,NA
"surveys","package_dataset","pivot_longer","tidyr::pivot_longer",1317,NA
"surveys","package_dataset","polr","MASS::polr",1192,NA
"surveys","package_dataset","select","dplyr::select",1091,NA
"surveys","package_dataset","str_pad","stringr::str_pad",832,NA
"surveys","package_dataset","str_replace","stringr::str_replace",837,NA
"surveys","package_dataset","str_replace_all","stringr::str_replace_all",835,NA
"surveys","package_dataset","str_squish","stringr::str_squish",836,NA
"surveys","package_dataset","summarise","dplyr::summarise",674,NA
"surveys","readRDS","ldat","tutorials/surveys/data/lid.rda",627,NA
"surveys","readRDS","ordata","tutorials/surveys/data/oda.rda",1206,NA
"surveys","readRDS","sdat","tutorials/surveys/data/sdd.rda",824,NA
"surveys","readRDS","surveydata","tutorials/surveys/data/sud.rda",969,NA
"table","data_folder_file","mld.rda","data/mld.rda",NA,0.7
"table","data_folder_file","mlrdata.txt","data/mlrdata.txt",NA,3.3
"table","data_folder_file","testdata1.xlsx","data/testdata1.xlsx",NA,8.6
"table","inline_data.frame","corpus_meta","data.frame(...)  [line 175]",175,NA
"table","inline_data.frame","df","data.frame(...)  [line 242]",242,NA
"table","inline_data.frame","features_wide","data.frame(...)  [line 1048]",1048,NA
"table","inline_data.frame","speaker_info","data.frame(...)  [line 202]",202,NA
"table","package_dataset","aes","ggplot2::aes",1067,NA
"table","package_dataset","anti_join","dplyr::anti_join",1135,NA
"table","package_dataset","arrange","dplyr::arrange",793,NA
"table","package_dataset","case_when","dplyr::case_when",592,NA
"table","package_dataset","coalesce","dplyr::coalesce",1289,NA
"table","package_dataset","contains","dplyr::contains",481,NA
"table","package_dataset","count","dplyr::count",512,NA
"table","package_dataset","desc","dplyr::desc",810,NA
"table","package_dataset","drop_na","tidyr::drop_na",1289,NA
"table","package_dataset","element_blank","ggplot2::element_blank",1073,NA
"table","package_dataset","everything","dplyr::everything",1309,NA
"table","package_dataset","facet_wrap","ggplot2::facet_wrap",1069,NA
"table","package_dataset","filter","dplyr::filter",448,NA
"table","package_dataset","full_join","dplyr::full_join",1135,NA
"table","package_dataset","geom_col","ggplot2::geom_col",1068,NA
"table","package_dataset","ggplot","ggplot2::ggplot",1066,NA
"table","package_dataset","glimpse","dplyr::glimpse",386,NA
"table","package_dataset","group_by","dplyr::group_by",837,NA
"table","package_dataset","if_any","dplyr::if_any",1309,NA
"table","package_dataset","if_else","dplyr::if_else",592,NA
"table","package_dataset","inner_join","dplyr::inner_join",1135,NA
"table","package_dataset","labs","ggplot2::labs",1074,NA
"table","package_dataset","left_join","dplyr::left_join",1135,NA
"table","package_dataset","mutate","dplyr::mutate",592,NA
"table","package_dataset","n","dplyr::n",848,NA
"table","package_dataset","pivot_longer","tidyr::pivot_longer",1020,NA
"table","package_dataset","pivot_wider","tidyr::pivot_wider",1001,NA
"table","package_dataset","relocate","dplyr::relocate",729,NA
"table","package_dataset","rename","dplyr::rename",729,NA
"table","package_dataset","rename_with","dplyr::rename_with",759,NA
"table","package_dataset","replace_na","tidyr::replace_na",1289,NA
"table","package_dataset","scale_fill_manual","ggplot2::scale_fill_manual",1070,NA
"table","package_dataset","select","dplyr::select",448,NA
"table","package_dataset","starts_with","dplyr::starts_with",476,NA
"table","package_dataset","str_detect","stringr::str_detect",518,NA
"table","package_dataset","str_to_title","stringr::str_to_title",759,NA
"table","package_dataset","summarise","dplyr::summarise",837,NA
"table","package_dataset","theme","ggplot2::theme",1072,NA
"table","package_dataset","theme_bw","ggplot2::theme_bw",1071,NA
"table","package_dataset","ungroup","dplyr::ungroup",914,NA
"text_analysis_intro","data_call","corpora","data(corpora)",187,NA
"text_analysis_intro","data_call","where","data(where)",388,NA
"text_analysis_intro","package_dataset","rename","dplyr::rename",232,NA
"text_summarisation","data_call","primarily","data(primarily)",1040,NA
"text_summarisation","data_folder_file","origindarwin.rda","data/origindarwin.rda",NA,419.8
"text_summarisation","inline_data.frame","comparison","data.frame(...)  [line 776]",776,NA
"text_summarisation","inline_data.frame","position_df","data.frame(...)  [line 634]",634,NA
"text_summarisation","inline_data.frame","sents_df","data.frame(...)  [line 493]",493,NA
"text_summarisation","package_dataset","arrange","dplyr::arrange",338,NA
"text_summarisation","package_dataset","count","dplyr::count",503,NA
"text_summarisation","package_dataset","filter","dplyr::filter",502,NA
"text_summarisation","package_dataset","group_by","dplyr::group_by",518,NA
"text_summarisation","package_dataset","left_join","dplyr::left_join",529,NA
"text_summarisation","package_dataset","mutate","dplyr::mutate",335,NA
"text_summarisation","package_dataset","pull","dplyr::pull",339,NA
"text_summarisation","package_dataset","row_number","dplyr::row_number",889,NA
"text_summarisation","package_dataset","select","dplyr::select",533,NA
"text_summarisation","package_dataset","slice_max","dplyr::slice_max",528,NA
"text_summarisation","package_dataset","str_remove_all","stringr::str_remove_all",336,NA
"text_summarisation","package_dataset","str_replace_all","stringr::str_replace_all",352,NA
"text_summarisation","package_dataset","str_split","stringr::str_split",834,NA
"text_summarisation","package_dataset","str_squish","stringr::str_squish",366,NA
"text_summarisation","package_dataset","summarise","dplyr::summarise",519,NA
"text_summarisation","readRDS","darwin_raw","tutorials/text_summarisation/data/origindarwin.rda",347,NA
"textanalysis","data_folder_file","alice.rda","data/alice.rda",NA,56.8
"textanalysis","data_folder_file","darwin.rda","data/darwin.rda",NA,419.9
"textanalysis","data_folder_file","melville.rda","data/melville.rda",NA,508.4
"textanalysis","data_folder_file","orwell.rda","data/orwell.rda",NA,196.1
"textanalysis","data_folder_file","orwell.txt","data/orwell.txt",NA,522
"textanalysis","data_folder_file","phonemictext1.txt","data/phonemictext1.txt",NA,19.6
"textanalysis","data_folder_file","phonemictext2.txt","data/phonemictext2.txt",NA,7.5
"textanalysis","data_folder_file","phonemictext3.txt","data/phonemictext3.txt",NA,6.4
"textanalysis","data_folder_file","phonemictext4.txt","data/phonemictext4.txt",NA,11.1
"textanalysis","inline_data.frame","dispersion_tb","data.frame(...)  [line 704]",704,NA
"textanalysis","package_dataset","across","dplyr::across",911,NA
"textanalysis","package_dataset","arrange","dplyr::arrange",445,NA
"textanalysis","package_dataset","count","dplyr::count",449,NA
"textanalysis","package_dataset","desc","dplyr::desc",905,NA
"textanalysis","package_dataset","filter","dplyr::filter",716,NA
"textanalysis","package_dataset","group_by","dplyr::group_by",869,NA
"textanalysis","package_dataset","mutate","dplyr::mutate",443,NA
"textanalysis","package_dataset","pivot_longer","tidyr::pivot_longer",720,NA
"textanalysis","package_dataset","pull","dplyr::pull",944,NA
"textanalysis","package_dataset","recode","dplyr::recode",726,NA
"textanalysis","package_dataset","rename","dplyr::rename",278,NA
"textanalysis","package_dataset","select","dplyr::select",333,NA
"textanalysis","package_dataset","str_count","stringr::str_count",706,NA
"textanalysis","package_dataset","str_replace_all","stringr::str_replace_all",239,NA
"textanalysis","package_dataset","str_split","stringr::str_split",243,NA
"textanalysis","package_dataset","str_squish","stringr::str_squish",839,NA
"textanalysis","package_dataset","str_trim","stringr::str_trim",246,NA
"textanalysis","package_dataset","ungroup","dplyr::ungroup",871,NA
"textanalysis","package_dataset","word","stringr::word",443,NA
"textanalysis","readLines","text","your_text.txt",1285,NA
"topic","data_folder_file","sotu_paragraphs.rda","data/sotu_paragraphs.rda",NA,2002.9
"topic","package_dataset","arrange","dplyr::arrange",495,NA
"topic","package_dataset","filter","dplyr::filter",561,NA
"topic","package_dataset","group_by","dplyr::group_by",492,NA
"topic","package_dataset","mutate","dplyr::mutate",497,NA
"topic","package_dataset","mutate_if","dplyr::mutate_if",648,NA
"topic","package_dataset","n","dplyr::n",671,NA
"topic","package_dataset","pivot_wider","tidyr::pivot_wider",938,NA
"topic","package_dataset","rename","dplyr::rename",196,NA
"topic","package_dataset","select","dplyr::select",504,NA
"topic","package_dataset","slice_max","dplyr::slice_max",493,NA
"topic","package_dataset","spread","tidyr::spread",505,NA
"topic","package_dataset","str_detect","stringr::str_detect",561,NA
"topic","package_dataset","str_remove_all","stringr::str_remove_all",645,NA
"topic","package_dataset","str_replace_all","stringr::str_replace_all",646,NA
"topic","package_dataset","str_sub","stringr::str_sub",988,NA
"topic","package_dataset","summarise","dplyr::summarise",671,NA
"topic","package_dataset","top_n","dplyr::top_n",930,NA
"topic","package_dataset","ungroup","dplyr::ungroup",494,NA
"topic_modelling_dickens","data_folder_file","dickens_parsed.rds","data/dickens_parsed.rds",NA,25486.9
"topic_modelling_dickens","inline_data.frame","result","data.frame(...)  [line 295]",295,NA
"topic_modelling_dickens","package_dataset","filter","dplyr::filter",291,NA
"topic_modelling_dickens","package_dataset","first","dplyr::first",293,NA
"topic_modelling_dickens","package_dataset","group_by","dplyr::group_by",329,NA
"topic_modelling_dickens","package_dataset","pull","dplyr::pull",292,NA
"topic_modelling_dickens","package_dataset","summarise","dplyr::summarise",330,NA
"tree_models","data_call","e.g.","data(e.g.)",1000,NA
"tree_models","data_call","train","data(train)",586,NA
"tree_models","data_folder_file","ampaus05_statz.txt","data/ampaus05_statz.txt",NA,54
"tree_models","data_folder_file","mblrdata.txt","data/mblrdata.txt",NA,84.7
"tree_models","data_folder_file","treedata.txt","data/treedata.txt",NA,5.2
"tree_models","inline_data.frame","decision_df1","data.frame(...)  [line 1439]",1439,NA
"tree_models","inline_data.frame","num_df","data.frame(...)  [line 467]",467,NA
"tree_models","inline_data.frame","oob_df","data.frame(...)  [line 1033]",1033,NA
"tree_models","inline_data.frame","result_df","data.frame(...)  [line 491]",491,NA
"tree_models","package_dataset","all_of","dplyr::all_of",1480,NA
"tree_models","package_dataset","arrange","dplyr::arrange",468,NA
"tree_models","package_dataset","case_when","dplyr::case_when",1535,NA
"tree_models","package_dataset","drop_na","tidyr::drop_na",1404,NA
"tree_models","package_dataset","filter","dplyr::filter",418,NA
"tree_models","package_dataset","mutate","dplyr::mutate",497,NA
"tree_models","package_dataset","mutate_if","dplyr::mutate_if",292,NA
"tree_models","package_dataset","pivot_longer","tidyr::pivot_longer",1039,NA
"tree_models","package_dataset","select","dplyr::select",927,NA
"tree_models","package_dataset","str_detect","stringr::str_detect",1536,NA
"vowelchart","data_folder_file","rpvowels.txt","data/rpvowels.txt",NA,4.7
"vowelchart","data_folder_file","vowels.txt","data/vowels.txt",NA,1.3
"vowelchart","inline_data.frame","ns_means","data.frame(...)  [line 671]",671,NA
"vowelchart","inline_data.frame","word_df","data.frame(...)  [line 227]",227,NA
"vowelchart","package_dataset","any_of","dplyr::any_of",476,NA
"vowelchart","package_dataset","arrange","dplyr::arrange",484,NA
"vowelchart","package_dataset","bind_rows","dplyr::bind_rows",897,NA
"vowelchart","package_dataset","case_when","dplyr::case_when",436,NA
"vowelchart","package_dataset","distinct","dplyr::distinct",483,NA
"vowelchart","package_dataset","filter","dplyr::filter",614,NA
"vowelchart","package_dataset","group_by","dplyr::group_by",470,NA
"vowelchart","package_dataset","left_join","dplyr::left_join",689,NA
"vowelchart","package_dataset","mutate","dplyr::mutate",435,NA
"vowelchart","package_dataset","rename","dplyr::rename",434,NA
"vowelchart","package_dataset","select","dplyr::select",398,NA
"vowelchart","package_dataset","ungroup","dplyr::ungroup",475,NA
"vowelchart","read.table","nns","tutorials/vowelchart/data/vowels.txt",397,NA
"vowelchart","read.table","ns","tutorials/vowelchart/data/rpvowels.txt",396,NA
"webscraping","data_call","names","data(names)",202,NA
"webscraping","package_dataset","anti_join","dplyr::anti_join",808,NA
"webscraping","package_dataset","bind_rows","dplyr::bind_rows",876,NA
"webscraping","package_dataset","count","dplyr::count",801,NA
"webscraping","package_dataset","filter","dplyr::filter",720,NA
"webscraping","package_dataset","group_by","dplyr::group_by",721,NA
"webscraping","package_dataset","group_walk","dplyr::group_walk",944,NA
"webscraping","package_dataset","pull","dplyr::pull",783,NA
"webscraping","package_dataset","select","dplyr::select",594,NA
"webscraping","package_dataset","str_count","stringr::str_count",557,NA
"webscraping","package_dataset","str_detect","stringr::str_detect",528,NA
"webscraping","package_dataset","str_remove_all","stringr::str_remove_all",787,NA
"webscraping","package_dataset","str_replace_all","stringr::str_replace_all",945,NA
"webscraping","package_dataset","str_squish","stringr::str_squish",513,NA
"webscraping","package_dataset","str_subset","stringr::str_subset",514,NA
"webscraping","package_dataset","summarise","dplyr::summarise",722,NA
"working_with_computers","data_call","original","data(original)",939,NA
"workingwithr","inline_data.frame","corpus","data.frame(...)  [line 176]",176,NA
"workingwithr","inline_data.frame","results","data.frame(...)  [line 487]",487,NA
"workingwithr","package_dataset","case_when","dplyr::case_when",96,NA
"workingwithr","package_dataset","group_by","dplyr::group_by",554,NA
"workingwithr","package_dataset","group_split","dplyr::group_split",1171,NA
"workingwithr","package_dataset","mutate","dplyr::mutate",273,NA
"workingwithr","package_dataset","n","dplyr::n",1403,NA
"workingwithr","package_dataset","rename","dplyr::rename",1091,NA
"workingwithr","package_dataset","summarise","dplyr::summarise",555,NA
