"0","round(plogis(-10:10), 5)"
"1"," [1]"
"1"," 0.00005"
"1"," 0.00012"
"1"," 0.00034"
"1"," 0.00091"
"1"," 0.00247"
"1"," 0.00669"
"1"," 0.01799"
"1"," 0.04743"
"1"," 0.11920"
"1"," 0.26894"
"1"," 0.50000"
"1"," 0.73106"
"1"," 0.88080"
"1"," 0.95257"
"1"," 0.98201"
"1","
"
"1","[16]"
"1"," 0.99331"
"1"," 0.99753"
"1"," 0.99909"
"1"," 0.99966"
"1"," 0.99988"
"1"," 0.99995"
"1","
"
